This is pdfTeX, Version 3.141592653-2.6-1.40.26 (MiKTeX 24.4) (preloaded format=pdflatex 2024.10.29)  13 NOV 2024 21:00
entering extended mode
 restricted \write18 enabled.
 file:line:error style messages enabled.
 %&-line parsing enabled.
**"c:/Users/ejubb/Desktop/Git/Master/Master Thesis/main.tex"
(c:/Users/ejubb/Desktop/Git/Master/Master Thesis/main.tex
LaTeX2e <2024-06-01> patch level 2
L3 programming layer <2024-10-09>
(twbook.cls
Document Class: twbook 2023/10/24 v3.0 Standard LaTeX Dokumenten-Klasse fuer Dokumente der FH Technikum Wien
(C:\Users\ejubb\AppData\Local\Programs\MiKTeX\tex/latex/koma-script\scrbook.cls
Document Class: scrbook 2024/10/24 v3.43 KOMA-Script document class (book)
(C:\Users\ejubb\AppData\Local\Programs\MiKTeX\tex/latex/koma-script\scrkbase.sty
Package: scrkbase 2024/10/24 v3.43 KOMA-Script package (KOMA-Script-dependent basics and keyval usage)
 (C:\Users\ejubb\AppData\Local\Programs\MiKTeX\tex/latex/koma-script\scrbase.sty
Package: scrbase 2024/10/24 v3.43 KOMA-Script package (KOMA-Script-independent basics and keyval usage)
 (C:\Users\ejubb\AppData\Local\Programs\MiKTeX\tex/latex/koma-script\scrlfile.sty
Package: scrlfile 2024/10/24 v3.43 KOMA-Script package (file load hooks)
 (C:\Users\ejubb\AppData\Local\Programs\MiKTeX\tex/latex/koma-script\scrlfile-hook.sty
Package: scrlfile-hook 2024/10/24 v3.43 KOMA-Script package (using LaTeX hooks)
 (C:\Users\ejubb\AppData\Local\Programs\MiKTeX\tex/latex/koma-script\scrlogo.sty
Package: scrlogo 2024/10/24 v3.43 KOMA-Script package (logo)
))) (C:\Users\ejubb\AppData\Local\Programs\MiKTeX\tex/latex/graphics\keyval.sty
Package: keyval 2022/05/29 v1.15 key=value parser (DPC)
\KV@toks@=\toks17
)
Applying: [2021/05/01] Usage of raw or classic option list on input line 254.
Already applied: [0000/00/00] Usage of raw or classic option list on input line 370.
)) (C:\Users\ejubb\AppData\Local\Programs\MiKTeX\tex/latex/koma-script\tocbasic.sty
Package: tocbasic 2024/10/24 v3.43 KOMA-Script package (handling toc-files)
\scr@dte@tocline@numberwidth=\skip49
\scr@dte@tocline@numbox=\box52
)
Package tocbasic Info: omitting babel extension for `toc'
(tocbasic)             because of feature `nobabel' available
(tocbasic)             for `toc' on input line 137.
Class scrbook Info: File `scrsize11pt.clo' used to setup font sizes on input line 2716.
 (C:\Users\ejubb\AppData\Local\Programs\MiKTeX\tex/latex/koma-script\scrsize11pt.clo
File: scrsize11pt.clo 2024/10/24 v3.43 KOMA-Script font size class option (11pt)
) (C:\Users\ejubb\AppData\Local\Programs\MiKTeX\tex/latex/koma-script\typearea.sty
Package: typearea 2024/10/24 v3.43 KOMA-Script package (type area)
\ta@bcor=\skip50
\ta@div=\count194
\ta@hblk=\skip51
\ta@vblk=\skip52
\ta@temp=\skip53
\footheight=\skip54
Package typearea Info: These are the values describing the layout:
(typearea)             DIV  = 10
(typearea)             BCOR = 0.0pt
(typearea)             \paperwidth      = 597.50793pt
(typearea)              \textwidth      = 418.25555pt
(typearea)              DIV departure   = -6%
(typearea)              \evensidemargin = 17.3562pt
(typearea)              \oddsidemargin  = 17.3562pt
(typearea)             \paperheight     = 845.04694pt
(typearea)              \textheight     = 595.80026pt
(typearea)              \topmargin      = -25.16531pt
(typearea)              \headheight     = 17.0pt
(typearea)              \headsep        = 20.40001pt
(typearea)              \topskip        = 11.0pt
(typearea)              \footskip       = 47.6pt
(typearea)              \baselineskip   = 13.6pt
(typearea)              on input line 1802.
)
\c@part=\count195
\c@chapter=\count196
\c@section=\count197
\c@subsection=\count198
\c@subsubsection=\count199
\c@paragraph=\count266
\c@subparagraph=\count267
\scr@dte@chapter@maxnumwidth=\skip55
Class scrbook Info: using compatibility default `afterindent=bysign'
(scrbook)           for `\chapter on input line 6016.
\scr@dte@section@maxnumwidth=\skip56
Class scrbook Info: using compatibility default `runin=bysign'
(scrbook)           for `\section on input line 6027.
Class scrbook Info: using compatibility default `afterindent=bysign'
(scrbook)           for `\section on input line 6027.
\scr@dte@part@maxnumwidth=\skip57
Class scrbook Info: using compatibility default `afterindent=true'
(scrbook)           for `\part on input line 6036.
\scr@dte@subsection@maxnumwidth=\skip58
Class scrbook Info: using compatibility default `runin=bysign'
(scrbook)           for `\subsection on input line 6046.
Class scrbook Info: using compatibility default `afterindent=bysign'
(scrbook)           for `\subsection on input line 6046.
\scr@dte@subsubsection@maxnumwidth=\skip59
Class scrbook Info: using compatibility default `runin=bysign'
(scrbook)           for `\subsubsection on input line 6056.
Class scrbook Info: using compatibility default `afterindent=bysign'
(scrbook)           for `\subsubsection on input line 6056.
\scr@dte@paragraph@maxnumwidth=\skip60
Class scrbook Info: using compatibility default `runin=bysign'
(scrbook)           for `\paragraph on input line 6067.
Class scrbook Info: using compatibility default `afterindent=bysign'
(scrbook)           for `\paragraph on input line 6067.
\scr@dte@subparagraph@maxnumwidth=\skip61
Class scrbook Info: using compatibility default `runin=bysign'
(scrbook)           for `\subparagraph on input line 6077.
Class scrbook Info: using compatibility default `afterindent=bysign'
(scrbook)           for `\subparagraph on input line 6077.
\abovecaptionskip=\skip62
\belowcaptionskip=\skip63
\c@pti@nb@sid@b@x=\box53
Package tocbasic Info: omitting babel extension for `lof'
(tocbasic)             because of feature `nobabel' available
(tocbasic)             for `lof' on input line 7271.
\scr@dte@figure@maxnumwidth=\skip64
\c@figure=\count268
Package tocbasic Info: omitting babel extension for `lot'
(tocbasic)             because of feature `nobabel' available
(tocbasic)             for `lot' on input line 7288.
\scr@dte@table@maxnumwidth=\skip65
\c@table=\count269
Class scrbook Info: Redefining `\numberline' on input line 7459.
\bibindent=\dimen141
) (C:\Users\ejubb\AppData\Local\Programs\MiKTeX\tex/latex/scrhack\scrhack.sty
Package: scrhack 2024-09-04 v3.42 scrhack emulation package
) (C:\Users\ejubb\AppData\Local\Programs\MiKTeX\tex/latex/graphics\color.sty
Package: color 2024/01/14 v1.3d Standard LaTeX Color (DPC)
 (C:\Users\ejubb\AppData\Local\Programs\MiKTeX\tex/latex/graphics-cfg\color.cfg
File: color.cfg 2016/01/02 v1.6 sample color configuration
)
Package color Info: Driver file: pdftex.def on input line 149.
 (C:\Users\ejubb\AppData\Local\Programs\MiKTeX\tex/latex/graphics-def\pdftex.def
File: pdftex.def 2024/04/13 v1.2c Graphics/color driver for pdftex
) (C:\Users\ejubb\AppData\Local\Programs\MiKTeX\tex/latex/graphics\mathcolor.ltx)) (C:\Users\ejubb\AppData\Local\Programs\MiKTeX\tex/latex/xcolor\xcolor.sty
Package: xcolor 2024/09/29 v3.02 LaTeX color extensions (UK)
 (C:\Users\ejubb\AppData\Local\Programs\MiKTeX\tex/latex/graphics-cfg\color.cfg
File: color.cfg 2016/01/02 v1.6 sample color configuration
)
Package xcolor Info: Driver file: pdftex.def on input line 274.
LaTeX Info: Redefining \color on input line 762.
 (C:\Users\ejubb\AppData\Local\Programs\MiKTeX\tex/latex/graphics\mathcolor.ltx)
Package xcolor Info: Model `cmy' substituted by `cmy0' on input line 1349.
Package xcolor Info: Model `hsb' substituted by `rgb' on input line 1353.
Package xcolor Info: Model `RGB' extended on input line 1365.
Package xcolor Info: Model `HTML' substituted by `rgb' on input line 1367.
Package xcolor Info: Model `Hsb' substituted by `hsb' on input line 1368.
Package xcolor Info: Model `tHsb' substituted by `hsb' on input line 1369.
Package xcolor Info: Model `HSB' substituted by `hsb' on input line 1370.
Package xcolor Info: Model `Gray' substituted by `gray' on input line 1371.
Package xcolor Info: Model `wave' substituted by `hsb' on input line 1372.
) (C:\Users\ejubb\AppData\Local\Programs\MiKTeX\tex/latex/xifthen\xifthen.sty
Package: xifthen 2015/11/05 v1.4.0 Extended ifthen features
 (C:\Users\ejubb\AppData\Local\Programs\MiKTeX\tex/latex/tools\calc.sty
Package: calc 2023/07/08 v4.3 Infix arithmetic (KKT,FJ)
\calc@Acount=\count270
\calc@Bcount=\count271
\calc@Adimen=\dimen142
\calc@Bdimen=\dimen143
\calc@Askip=\skip66
\calc@Bskip=\skip67
LaTeX Info: Redefining \setlength on input line 80.
LaTeX Info: Redefining \addtolength on input line 81.
\calc@Ccount=\count272
\calc@Cskip=\skip68
) (C:\Users\ejubb\AppData\Local\Programs\MiKTeX\tex/latex/base\ifthen.sty
Package: ifthen 2024/03/16 v1.1e Standard LaTeX ifthen package (DPC)
) (C:\Users\ejubb\AppData\Local\Programs\MiKTeX\tex/latex/ifmtarg\ifmtarg.sty
Package: ifmtarg 2018/04/16 v1.2b check for an empty argument
)) (C:\Users\ejubb\AppData\Local\Programs\MiKTeX\tex/generic/iftex\ifpdf.sty
Package: ifpdf 2019/10/25 v3.4 ifpdf legacy package. Use iftex instead.
 (C:\Users\ejubb\AppData\Local\Programs\MiKTeX\tex/generic/iftex\iftex.sty
Package: iftex 2022/02/03 v1.0f TeX engine tests
)) (C:\Users\ejubb\AppData\Local\Programs\MiKTeX\tex/latex/oberdiek\ifdraft.sty
Package: ifdraft 2016/05/16 v1.4 Detect class options draft and final (HO)
) (C:\Users\ejubb\AppData\Local\Programs\MiKTeX\tex/latex/wallpaper\wallpaper.sty
Package: wallpaper 2005/01/18, v1.01 easy wallpaper formatting (MHFW)
 (C:\Users\ejubb\AppData\Local\Programs\MiKTeX\tex/latex/eso-pic\eso-pic.sty
Package: eso-pic 2023/05/03 v3.0c eso-pic (RN)
\ESO@tempdima=\dimen144
\ESO@tempdimb=\dimen145
) (C:\Users\ejubb\AppData\Local\Programs\MiKTeX\tex/latex/graphics\graphicx.sty
Package: graphicx 2021/09/16 v1.2d Enhanced LaTeX Graphics (DPC,SPQR)
 (C:\Users\ejubb\AppData\Local\Programs\MiKTeX\tex/latex/graphics\graphics.sty
Package: graphics 2024/05/23 v1.4g Standard LaTeX Graphics (DPC,SPQR)
 (C:\Users\ejubb\AppData\Local\Programs\MiKTeX\tex/latex/graphics\trig.sty
Package: trig 2023/12/02 v1.11 sin cos tan (DPC)
) (C:\Users\ejubb\AppData\Local\Programs\MiKTeX\tex/latex/graphics-cfg\graphics.cfg
File: graphics.cfg 2016/06/04 v1.11 sample graphics configuration
)
Package graphics Info: Driver file: pdftex.def on input line 106.
)
\Gin@req@height=\dimen146
\Gin@req@width=\dimen147
)
\wpXoffset=\skip69
\wpYoffset=\skip70
\tileXoffset=\skip71
\tileYoffset=\skip72
\tilewidth=\skip73
\tileheight=\skip74
\tileX=\skip75
\tileY=\skip76
) (C:\Users\ejubb\AppData\Local\Programs\MiKTeX\tex/latex/psnfss\palatino.sty
Package: palatino 2020/03/25 PSNFSS-v9.3 (SPQR) 
) (C:\Users\ejubb\AppData\Local\Programs\MiKTeX\tex/latex/koma-script\scrlayer-scrpage.sty
Package: scrlayer-scrpage 2024/10/24 v3.43 KOMA-Script package (end user interface for scrlayer)
 (C:\Users\ejubb\AppData\Local\Programs\MiKTeX\tex/latex/koma-script\scrlayer.sty
Package: scrlayer 2024/10/24 v3.43 KOMA-Script package (defining layers and page styles)
Package scrlayer Info: patching LaTeX kernel macro \pagestyle on input line 2182.
)
Package scrlayer-scrpage Info: Makeing stand-alone element `pagehead' from
(scrlayer-scrpage)             alias to `pageheadfoot' on input line 1106.
) (C:\Users\ejubb\AppData\Local\Programs\MiKTeX\tex/latex/acronym\acronym.sty
Package: acronym 2024/03/30 v1.49 Support for acronyms (Tobias Oetiker)
 (C:\Users\ejubb\AppData\Local\Programs\MiKTeX\tex/latex/bigfoot\suffix.sty
Package: suffix 2006/07/15 1.5a Variant command support
) (C:\Users\ejubb\AppData\Local\Programs\MiKTeX\tex/latex/xstring\xstring.sty (C:\Users\ejubb\AppData\Local\Programs\MiKTeX\tex/generic/xstring\xstring.tex
\xs_counta=\count273
\xs_countb=\count274
)
Package: xstring 2023/08/22 v1.86 String manipulations (CT)
)
\AC@clearlist=\toks18
) (C:\Users\ejubb\AppData\Local\Programs\MiKTeX\tex/latex/amsmath\amsmath.sty
Package: amsmath 2024/05/23 v2.17q AMS math features
\@mathmargin=\skip77

For additional information on amsmath, use the `?' option.
(C:\Users\ejubb\AppData\Local\Programs\MiKTeX\tex/latex/amsmath\amstext.sty
Package: amstext 2021/08/26 v2.01 AMS text
 (C:\Users\ejubb\AppData\Local\Programs\MiKTeX\tex/latex/amsmath\amsgen.sty
File: amsgen.sty 1999/11/30 v2.0 generic functions
\@emptytoks=\toks19
\ex@=\dimen148
)) (C:\Users\ejubb\AppData\Local\Programs\MiKTeX\tex/latex/amsmath\amsbsy.sty
Package: amsbsy 1999/11/29 v1.2d Bold Symbols
\pmbraise@=\dimen149
) (C:\Users\ejubb\AppData\Local\Programs\MiKTeX\tex/latex/amsmath\amsopn.sty
Package: amsopn 2022/04/08 v2.04 operator names
)
\inf@bad=\count275
LaTeX Info: Redefining \frac on input line 233.
\uproot@=\count276
\leftroot@=\count277
LaTeX Info: Redefining \overline on input line 398.
LaTeX Info: Redefining \colon on input line 409.
\classnum@=\count278
\DOTSCASE@=\count279
LaTeX Info: Redefining \ldots on input line 495.
LaTeX Info: Redefining \dots on input line 498.
LaTeX Info: Redefining \cdots on input line 619.
\Mathstrutbox@=\box54
\strutbox@=\box55
LaTeX Info: Redefining \big on input line 721.
LaTeX Info: Redefining \Big on input line 722.
LaTeX Info: Redefining \bigg on input line 723.
LaTeX Info: Redefining \Bigg on input line 724.
\big@size=\dimen150
LaTeX Font Info:    Redeclaring font encoding OML on input line 742.
LaTeX Font Info:    Redeclaring font encoding OMS on input line 743.
\macc@depth=\count280
LaTeX Info: Redefining \bmod on input line 904.
LaTeX Info: Redefining \pmod on input line 909.
LaTeX Info: Redefining \smash on input line 939.
LaTeX Info: Redefining \relbar on input line 969.
LaTeX Info: Redefining \Relbar on input line 970.
\c@MaxMatrixCols=\count281
\dotsspace@=\muskip17
\c@parentequation=\count282
\dspbrk@lvl=\count283
\tag@help=\toks20
\row@=\count284
\column@=\count285
\maxfields@=\count286
\andhelp@=\toks21
\eqnshift@=\dimen151
\alignsep@=\dimen152
\tagshift@=\dimen153
\tagwidth@=\dimen154
\totwidth@=\dimen155
\lineht@=\dimen156
\@envbody=\toks22
\multlinegap=\skip78
\multlinetaggap=\skip79
\mathdisplay@stack=\toks23
LaTeX Info: Redefining \[ on input line 2953.
LaTeX Info: Redefining \] on input line 2954.
) (C:\Users\ejubb\AppData\Local\Programs\MiKTeX\tex/latex/amsfonts\amssymb.sty
Package: amssymb 2013/01/14 v3.01 AMS font symbols
 (C:\Users\ejubb\AppData\Local\Programs\MiKTeX\tex/latex/amsfonts\amsfonts.sty
Package: amsfonts 2013/01/14 v3.01 Basic AMSFonts support
\symAMSa=\mathgroup4
\symAMSb=\mathgroup5
LaTeX Font Info:    Redeclaring math symbol \hbar on input line 98.
LaTeX Font Info:    Overwriting math alphabet `\mathfrak' in version `bold'
(Font)                  U/euf/m/n --> U/euf/b/n on input line 106.
)) (C:\Users\ejubb\AppData\Local\Programs\MiKTeX\tex/generic/babel\babel.sty
Package: babel 2024/10/20 v24.12 The multilingual framework for pdfLaTeX, LuaLaTeX and XeLaTeX
\babel@savecnt=\count287
\U@D=\dimen157
\l@unhyphenated=\language79
 (C:\Users\ejubb\AppData\Local\Programs\MiKTeX\tex/generic/babel\txtbabel.def)
\bbl@readstream=\read2
\bbl@dirlevel=\count288

*************************************
* Local config file bblopts.cfg used
*
(C:\Users\ejubb\AppData\Local\Programs\MiKTeX\tex/latex/arabi\bblopts.cfg
File: bblopts.cfg 2005/09/08 v0.1 add Arabic and Farsi to "declared" options of babel
) (C:\Users\ejubb\AppData\Local\Programs\MiKTeX\tex/latex/babel-english\english.ldf
Language: english 2017/06/06 v3.3r English support from the babel system
Package babel Info: Hyphen rules for 'canadian' set to \l@english
(babel)             (\language0). Reported on input line 102.
Package babel Info: Hyphen rules for 'australian' set to \l@ukenglish
(babel)             (\language73). Reported on input line 105.
Package babel Info: Hyphen rules for 'newzealand' set to \l@ukenglish
(babel)             (\language73). Reported on input line 108.
)) (C:\Users\ejubb\AppData\Local\Programs\MiKTeX\tex/generic/babel/locale/en\babel-english.tex
Package babel Info: Importing font and identification data for english
(babel)             from babel-en.ini. Reported on input line 11.
) (C:\Users\ejubb\AppData\Local\Programs\MiKTeX\tex/latex/tools\array.sty
Package: array 2024/06/14 v2.6d Tabular extension package (FMi)
\col@sep=\dimen158
\ar@mcellbox=\box56
\extrarowheight=\dimen159
\NC@list=\toks24
\extratabsurround=\skip80
\backup@length=\skip81
\ar@cellbox=\box57
) (C:\Users\ejubb\AppData\Local\Programs\MiKTeX\tex/latex/pgf/frontendlayer\tikz.sty (C:\Users\ejubb\AppData\Local\Programs\MiKTeX\tex/latex/pgf/basiclayer\pgf.sty (C:\Users\ejubb\AppData\Local\Programs\MiKTeX\tex/latex/pgf/utilities\pgfrcs.sty (C:\Users\ejubb\AppData\Local\Programs\MiKTeX\tex/generic/pgf/utilities\pgfutil-common.tex
\pgfutil@everybye=\toks25
\pgfutil@tempdima=\dimen160
\pgfutil@tempdimb=\dimen161
) (C:\Users\ejubb\AppData\Local\Programs\MiKTeX\tex/generic/pgf/utilities\pgfutil-latex.def
\pgfutil@abb=\box58
) (C:\Users\ejubb\AppData\Local\Programs\MiKTeX\tex/generic/pgf/utilities\pgfrcs.code.tex (C:\Users\ejubb\AppData\Local\Programs\MiKTeX\tex/generic/pgf\pgf.revision.tex)
Package: pgfrcs 2023-01-15 v3.1.10 (3.1.10)
))
Package: pgf 2023-01-15 v3.1.10 (3.1.10)
 (C:\Users\ejubb\AppData\Local\Programs\MiKTeX\tex/latex/pgf/basiclayer\pgfcore.sty (C:\Users\ejubb\AppData\Local\Programs\MiKTeX\tex/latex/pgf/systemlayer\pgfsys.sty (C:\Users\ejubb\AppData\Local\Programs\MiKTeX\tex/generic/pgf/systemlayer\pgfsys.code.tex
Package: pgfsys 2023-01-15 v3.1.10 (3.1.10)
 (C:\Users\ejubb\AppData\Local\Programs\MiKTeX\tex/generic/pgf/utilities\pgfkeys.code.tex
\pgfkeys@pathtoks=\toks26
\pgfkeys@temptoks=\toks27
 (C:\Users\ejubb\AppData\Local\Programs\MiKTeX\tex/generic/pgf/utilities\pgfkeyslibraryfiltered.code.tex
\pgfkeys@tmptoks=\toks28
))
\pgf@x=\dimen162
\pgf@y=\dimen163
\pgf@xa=\dimen164
\pgf@ya=\dimen165
\pgf@xb=\dimen166
\pgf@yb=\dimen167
\pgf@xc=\dimen168
\pgf@yc=\dimen169
\pgf@xd=\dimen170
\pgf@yd=\dimen171
\w@pgf@writea=\write3
\r@pgf@reada=\read3
\c@pgf@counta=\count289
\c@pgf@countb=\count290
\c@pgf@countc=\count291
\c@pgf@countd=\count292
\t@pgf@toka=\toks29
\t@pgf@tokb=\toks30
\t@pgf@tokc=\toks31
\pgf@sys@id@count=\count293
 (C:\Users\ejubb\AppData\Local\Programs\MiKTeX\tex/generic/pgf/systemlayer\pgf.cfg
File: pgf.cfg 2023-01-15 v3.1.10 (3.1.10)
)
Driver file for pgf: pgfsys-pdftex.def
 (C:\Users\ejubb\AppData\Local\Programs\MiKTeX\tex/generic/pgf/systemlayer\pgfsys-pdftex.def
File: pgfsys-pdftex.def 2023-01-15 v3.1.10 (3.1.10)
 (C:\Users\ejubb\AppData\Local\Programs\MiKTeX\tex/generic/pgf/systemlayer\pgfsys-common-pdf.def
File: pgfsys-common-pdf.def 2023-01-15 v3.1.10 (3.1.10)
))) (C:\Users\ejubb\AppData\Local\Programs\MiKTeX\tex/generic/pgf/systemlayer\pgfsyssoftpath.code.tex
File: pgfsyssoftpath.code.tex 2023-01-15 v3.1.10 (3.1.10)
\pgfsyssoftpath@smallbuffer@items=\count294
\pgfsyssoftpath@bigbuffer@items=\count295
) (C:\Users\ejubb\AppData\Local\Programs\MiKTeX\tex/generic/pgf/systemlayer\pgfsysprotocol.code.tex
File: pgfsysprotocol.code.tex 2023-01-15 v3.1.10 (3.1.10)
)) (C:\Users\ejubb\AppData\Local\Programs\MiKTeX\tex/generic/pgf/basiclayer\pgfcore.code.tex
Package: pgfcore 2023-01-15 v3.1.10 (3.1.10)
 (C:\Users\ejubb\AppData\Local\Programs\MiKTeX\tex/generic/pgf/math\pgfmath.code.tex (C:\Users\ejubb\AppData\Local\Programs\MiKTeX\tex/generic/pgf/math\pgfmathutil.code.tex) (C:\Users\ejubb\AppData\Local\Programs\MiKTeX\tex/generic/pgf/math\pgfmathparser.code.tex
\pgfmath@dimen=\dimen172
\pgfmath@count=\count296
\pgfmath@box=\box59
\pgfmath@toks=\toks32
\pgfmath@stack@operand=\toks33
\pgfmath@stack@operation=\toks34
) (C:\Users\ejubb\AppData\Local\Programs\MiKTeX\tex/generic/pgf/math\pgfmathfunctions.code.tex) (C:\Users\ejubb\AppData\Local\Programs\MiKTeX\tex/generic/pgf/math\pgfmathfunctions.basic.code.tex) (C:\Users\ejubb\AppData\Local\Programs\MiKTeX\tex/generic/pgf/math\pgfmathfunctions.trigonometric.code.tex) (C:\Users\ejubb\AppData\Local\Programs\MiKTeX\tex/generic/pgf/math\pgfmathfunctions.random.code.tex) (C:\Users\ejubb\AppData\Local\Programs\MiKTeX\tex/generic/pgf/math\pgfmathfunctions.comparison.code.tex) (C:\Users\ejubb\AppData\Local\Programs\MiKTeX\tex/generic/pgf/math\pgfmathfunctions.base.code.tex) (C:\Users\ejubb\AppData\Local\Programs\MiKTeX\tex/generic/pgf/math\pgfmathfunctions.round.code.tex) (C:\Users\ejubb\AppData\Local\Programs\MiKTeX\tex/generic/pgf/math\pgfmathfunctions.misc.code.tex) (C:\Users\ejubb\AppData\Local\Programs\MiKTeX\tex/generic/pgf/math\pgfmathfunctions.integerarithmetics.code.tex) (C:\Users\ejubb\AppData\Local\Programs\MiKTeX\tex/generic/pgf/math\pgfmathcalc.code.tex) (C:\Users\ejubb\AppData\Local\Programs\MiKTeX\tex/generic/pgf/math\pgfmathfloat.code.tex
\c@pgfmathroundto@lastzeros=\count297
)) (C:\Users\ejubb\AppData\Local\Programs\MiKTeX\tex/generic/pgf/math\pgfint.code.tex) (C:\Users\ejubb\AppData\Local\Programs\MiKTeX\tex/generic/pgf/basiclayer\pgfcorepoints.code.tex
File: pgfcorepoints.code.tex 2023-01-15 v3.1.10 (3.1.10)
\pgf@picminx=\dimen173
\pgf@picmaxx=\dimen174
\pgf@picminy=\dimen175
\pgf@picmaxy=\dimen176
\pgf@pathminx=\dimen177
\pgf@pathmaxx=\dimen178
\pgf@pathminy=\dimen179
\pgf@pathmaxy=\dimen180
\pgf@xx=\dimen181
\pgf@xy=\dimen182
\pgf@yx=\dimen183
\pgf@yy=\dimen184
\pgf@zx=\dimen185
\pgf@zy=\dimen186
) (C:\Users\ejubb\AppData\Local\Programs\MiKTeX\tex/generic/pgf/basiclayer\pgfcorepathconstruct.code.tex
File: pgfcorepathconstruct.code.tex 2023-01-15 v3.1.10 (3.1.10)
\pgf@path@lastx=\dimen187
\pgf@path@lasty=\dimen188
) (C:\Users\ejubb\AppData\Local\Programs\MiKTeX\tex/generic/pgf/basiclayer\pgfcorepathusage.code.tex
File: pgfcorepathusage.code.tex 2023-01-15 v3.1.10 (3.1.10)
\pgf@shorten@end@additional=\dimen189
\pgf@shorten@start@additional=\dimen190
) (C:\Users\ejubb\AppData\Local\Programs\MiKTeX\tex/generic/pgf/basiclayer\pgfcorescopes.code.tex
File: pgfcorescopes.code.tex 2023-01-15 v3.1.10 (3.1.10)
\pgfpic=\box60
\pgf@hbox=\box61
\pgf@layerbox@main=\box62
\pgf@picture@serial@count=\count298
) (C:\Users\ejubb\AppData\Local\Programs\MiKTeX\tex/generic/pgf/basiclayer\pgfcoregraphicstate.code.tex
File: pgfcoregraphicstate.code.tex 2023-01-15 v3.1.10 (3.1.10)
\pgflinewidth=\dimen191
) (C:\Users\ejubb\AppData\Local\Programs\MiKTeX\tex/generic/pgf/basiclayer\pgfcoretransformations.code.tex
File: pgfcoretransformations.code.tex 2023-01-15 v3.1.10 (3.1.10)
\pgf@pt@x=\dimen192
\pgf@pt@y=\dimen193
\pgf@pt@temp=\dimen194
) (C:\Users\ejubb\AppData\Local\Programs\MiKTeX\tex/generic/pgf/basiclayer\pgfcorequick.code.tex
File: pgfcorequick.code.tex 2023-01-15 v3.1.10 (3.1.10)
) (C:\Users\ejubb\AppData\Local\Programs\MiKTeX\tex/generic/pgf/basiclayer\pgfcoreobjects.code.tex
File: pgfcoreobjects.code.tex 2023-01-15 v3.1.10 (3.1.10)
) (C:\Users\ejubb\AppData\Local\Programs\MiKTeX\tex/generic/pgf/basiclayer\pgfcorepathprocessing.code.tex
File: pgfcorepathprocessing.code.tex 2023-01-15 v3.1.10 (3.1.10)
) (C:\Users\ejubb\AppData\Local\Programs\MiKTeX\tex/generic/pgf/basiclayer\pgfcorearrows.code.tex
File: pgfcorearrows.code.tex 2023-01-15 v3.1.10 (3.1.10)
\pgfarrowsep=\dimen195
) (C:\Users\ejubb\AppData\Local\Programs\MiKTeX\tex/generic/pgf/basiclayer\pgfcoreshade.code.tex
File: pgfcoreshade.code.tex 2023-01-15 v3.1.10 (3.1.10)
\pgf@max=\dimen196
\pgf@sys@shading@range@num=\count299
\pgf@shadingcount=\count300
) (C:\Users\ejubb\AppData\Local\Programs\MiKTeX\tex/generic/pgf/basiclayer\pgfcoreimage.code.tex
File: pgfcoreimage.code.tex 2023-01-15 v3.1.10 (3.1.10)
) (C:\Users\ejubb\AppData\Local\Programs\MiKTeX\tex/generic/pgf/basiclayer\pgfcoreexternal.code.tex
File: pgfcoreexternal.code.tex 2023-01-15 v3.1.10 (3.1.10)
\pgfexternal@startupbox=\box63
) (C:\Users\ejubb\AppData\Local\Programs\MiKTeX\tex/generic/pgf/basiclayer\pgfcorelayers.code.tex
File: pgfcorelayers.code.tex 2023-01-15 v3.1.10 (3.1.10)
) (C:\Users\ejubb\AppData\Local\Programs\MiKTeX\tex/generic/pgf/basiclayer\pgfcoretransparency.code.tex
File: pgfcoretransparency.code.tex 2023-01-15 v3.1.10 (3.1.10)
) (C:\Users\ejubb\AppData\Local\Programs\MiKTeX\tex/generic/pgf/basiclayer\pgfcorepatterns.code.tex
File: pgfcorepatterns.code.tex 2023-01-15 v3.1.10 (3.1.10)
) (C:\Users\ejubb\AppData\Local\Programs\MiKTeX\tex/generic/pgf/basiclayer\pgfcorerdf.code.tex
File: pgfcorerdf.code.tex 2023-01-15 v3.1.10 (3.1.10)
))) (C:\Users\ejubb\AppData\Local\Programs\MiKTeX\tex/generic/pgf/modules\pgfmoduleshapes.code.tex
File: pgfmoduleshapes.code.tex 2023-01-15 v3.1.10 (3.1.10)
\pgfnodeparttextbox=\box64
) (C:\Users\ejubb\AppData\Local\Programs\MiKTeX\tex/generic/pgf/modules\pgfmoduleplot.code.tex
File: pgfmoduleplot.code.tex 2023-01-15 v3.1.10 (3.1.10)
) (C:\Users\ejubb\AppData\Local\Programs\MiKTeX\tex/latex/pgf/compatibility\pgfcomp-version-0-65.sty
Package: pgfcomp-version-0-65 2023-01-15 v3.1.10 (3.1.10)
\pgf@nodesepstart=\dimen197
\pgf@nodesepend=\dimen198
) (C:\Users\ejubb\AppData\Local\Programs\MiKTeX\tex/latex/pgf/compatibility\pgfcomp-version-1-18.sty
Package: pgfcomp-version-1-18 2023-01-15 v3.1.10 (3.1.10)
)) (C:\Users\ejubb\AppData\Local\Programs\MiKTeX\tex/latex/pgf/utilities\pgffor.sty (C:\Users\ejubb\AppData\Local\Programs\MiKTeX\tex/latex/pgf/utilities\pgfkeys.sty (C:\Users\ejubb\AppData\Local\Programs\MiKTeX\tex/generic/pgf/utilities\pgfkeys.code.tex)) (C:\Users\ejubb\AppData\Local\Programs\MiKTeX\tex/latex/pgf/math\pgfmath.sty (C:\Users\ejubb\AppData\Local\Programs\MiKTeX\tex/generic/pgf/math\pgfmath.code.tex)) (C:\Users\ejubb\AppData\Local\Programs\MiKTeX\tex/generic/pgf/utilities\pgffor.code.tex
Package: pgffor 2023-01-15 v3.1.10 (3.1.10)
\pgffor@iter=\dimen199
\pgffor@skip=\dimen256
\pgffor@stack=\toks35
\pgffor@toks=\toks36
)) (C:\Users\ejubb\AppData\Local\Programs\MiKTeX\tex/generic/pgf/frontendlayer/tikz\tikz.code.tex
Package: tikz 2023-01-15 v3.1.10 (3.1.10)
 (C:\Users\ejubb\AppData\Local\Programs\MiKTeX\tex/generic/pgf/libraries\pgflibraryplothandlers.code.tex
File: pgflibraryplothandlers.code.tex 2023-01-15 v3.1.10 (3.1.10)
\pgf@plot@mark@count=\count301
\pgfplotmarksize=\dimen257
)
\tikz@lastx=\dimen258
\tikz@lasty=\dimen259
\tikz@lastxsaved=\dimen260
\tikz@lastysaved=\dimen261
\tikz@lastmovetox=\dimen262
\tikz@lastmovetoy=\dimen263
\tikzleveldistance=\dimen264
\tikzsiblingdistance=\dimen265
\tikz@figbox=\box65
\tikz@figbox@bg=\box66
\tikz@tempbox=\box67
\tikz@tempbox@bg=\box68
\tikztreelevel=\count302
\tikznumberofchildren=\count303
\tikznumberofcurrentchild=\count304
\tikz@fig@count=\count305
 (C:\Users\ejubb\AppData\Local\Programs\MiKTeX\tex/generic/pgf/modules\pgfmodulematrix.code.tex
File: pgfmodulematrix.code.tex 2023-01-15 v3.1.10 (3.1.10)
\pgfmatrixcurrentrow=\count306
\pgfmatrixcurrentcolumn=\count307
\pgf@matrix@numberofcolumns=\count308
)
\tikz@expandcount=\count309
 (C:\Users\ejubb\AppData\Local\Programs\MiKTeX\tex/generic/pgf/frontendlayer/tikz/libraries\tikzlibrarytopaths.code.tex
File: tikzlibrarytopaths.code.tex 2023-01-15 v3.1.10 (3.1.10)
))) (C:\Users\ejubb\AppData\Local\Programs\MiKTeX\tex/latex/pgf/frontendlayer/libraries\tikzlibraryexternal.code.tex (C:\Users\ejubb\AppData\Local\Programs\MiKTeX\tex/generic/pdftexcmds\pdftexcmds.sty
Package: pdftexcmds 2020-06-27 v0.33 Utility functions of pdfTeX for LuaTeX (HO)
 (C:\Users\ejubb\AppData\Local\Programs\MiKTeX\tex/generic/infwarerr\infwarerr.sty
Package: infwarerr 2019/12/03 v1.5 Providing info/warning/error messages (HO)
) (C:\Users\ejubb\AppData\Local\Programs\MiKTeX\tex/generic/ltxcmds\ltxcmds.sty
Package: ltxcmds 2023-12-04 v1.26 LaTeX kernel commands for general use (HO)
)
Package pdftexcmds Info: \pdf@primitive is available.
Package pdftexcmds Info: \pdf@ifprimitive is available.
Package pdftexcmds Info: \pdfdraftmode found.
) (C:\Users\ejubb\AppData\Local\Programs\MiKTeX\tex/latex/base\atveryend-ltx.sty
Package: atveryend-ltx 2020/08/19 v1.0a Emulation of the original atveryend package
with kernel methods
) (C:\Users\ejubb\AppData\Local\Programs\MiKTeX\tex/generic/pgf/frontendlayer/tikz/libraries\tikzexternalshared.code.tex)) (C:\Users\ejubb\AppData\Local\Programs\MiKTeX\tex/latex/caption\caption.sty
Package: caption 2023/08/05 v3.6o Customizing captions (AR)
 (C:\Users\ejubb\AppData\Local\Programs\MiKTeX\tex/latex/caption\caption3.sty
Package: caption3 2023/07/31 v2.4d caption3 kernel (AR)
\caption@tempdima=\dimen266
\captionmargin=\dimen267
\caption@leftmargin=\dimen268
\caption@rightmargin=\dimen269
\caption@width=\dimen270
\caption@indent=\dimen271
\caption@parindent=\dimen272
\caption@hangindent=\dimen273
Package caption Info: KOMA-Script document class detected.
 (C:\Users\ejubb\AppData\Local\Programs\MiKTeX\tex/latex/caption\caption-koma.sto
File: caption-koma.sto 2023/09/08 v2.0e Adaption of the caption package to the KOMA-Script document classes (AR)
))
\c@caption@flags=\count310
\c@continuedfloat=\count311
Package caption Info: KOMA-Script scrextend package detected.
\caption@addmargin@hsize=\dimen274
\caption@addmargin@linewidth=\dimen275
) (C:\Users\ejubb\AppData\Local\Programs\MiKTeX\tex/latex/hyperref\hyperref.sty
Package: hyperref 2024-07-10 v7.01j Hypertext links for LaTeX
 (C:\Users\ejubb\AppData\Local\Programs\MiKTeX\tex/latex/kvsetkeys\kvsetkeys.sty
Package: kvsetkeys 2022-10-05 v1.19 Key value parser (HO)
) (C:\Users\ejubb\AppData\Local\Programs\MiKTeX\tex/generic/kvdefinekeys\kvdefinekeys.sty
Package: kvdefinekeys 2019-12-19 v1.6 Define keys (HO)
) (C:\Users\ejubb\AppData\Local\Programs\MiKTeX\tex/generic/pdfescape\pdfescape.sty
Package: pdfescape 2019/12/09 v1.15 Implements pdfTeX's escape features (HO)
) (C:\Users\ejubb\AppData\Local\Programs\MiKTeX\tex/latex/hycolor\hycolor.sty
Package: hycolor 2020-01-27 v1.10 Color options for hyperref/bookmark (HO)
) (C:\Users\ejubb\AppData\Local\Programs\MiKTeX\tex/latex/hyperref\nameref.sty
Package: nameref 2023-11-26 v2.56 Cross-referencing by name of section
 (C:\Users\ejubb\AppData\Local\Programs\MiKTeX\tex/latex/refcount\refcount.sty
Package: refcount 2019/12/15 v3.6 Data extraction from label references (HO)
) (C:\Users\ejubb\AppData\Local\Programs\MiKTeX\tex/generic/gettitlestring\gettitlestring.sty
Package: gettitlestring 2019/12/15 v1.6 Cleanup title references (HO)
 (C:\Users\ejubb\AppData\Local\Programs\MiKTeX\tex/latex/kvoptions\kvoptions.sty
Package: kvoptions 2022-06-15 v3.15 Key value format for package options (HO)
))
\c@section@level=\count312
) (C:\Users\ejubb\AppData\Local\Programs\MiKTeX\tex/latex/etoolbox\etoolbox.sty
Package: etoolbox 2020/10/05 v2.5k e-TeX tools for LaTeX (JAW)
\etb@tempcnta=\count313
) (C:\Users\ejubb\AppData\Local\Programs\MiKTeX\tex/generic/stringenc\stringenc.sty
Package: stringenc 2019/11/29 v1.12 Convert strings between diff. encodings (HO)
)
\@linkdim=\dimen276
\Hy@linkcounter=\count314
\Hy@pagecounter=\count315
 (C:\Users\ejubb\AppData\Local\Programs\MiKTeX\tex/latex/hyperref\pd1enc.def
File: pd1enc.def 2024-07-10 v7.01j Hyperref: PDFDocEncoding definition (HO)
Now handling font encoding PD1 ...
... no UTF-8 mapping file for font encoding PD1
) (C:\Users\ejubb\AppData\Local\Programs\MiKTeX\tex/generic/intcalc\intcalc.sty
Package: intcalc 2019/12/15 v1.3 Expandable calculations with integers (HO)
)
\Hy@SavedSpaceFactor=\count316
 (C:\Users\ejubb\AppData\Local\Programs\MiKTeX\tex/latex/hyperref\puenc.def
File: puenc.def 2024-07-10 v7.01j Hyperref: PDF Unicode definition (HO)
Now handling font encoding PU ...
... no UTF-8 mapping file for font encoding PU
)
Package hyperref Info: Hyper figures OFF on input line 4157.
Package hyperref Info: Link nesting OFF on input line 4162.
Package hyperref Info: Hyper index ON on input line 4165.
Package hyperref Info: Plain pages OFF on input line 4172.
Package hyperref Info: Backreferencing OFF on input line 4177.
Package hyperref Info: Implicit mode ON; LaTeX internals redefined.
Package hyperref Info: Bookmarks ON on input line 4424.
\c@Hy@tempcnt=\count317
 (C:\Users\ejubb\AppData\Local\Programs\MiKTeX\tex/latex/url\url.sty
\Urlmuskip=\muskip18
Package: url 2013/09/16  ver 3.4  Verb mode for urls, etc.
)
LaTeX Info: Redefining \url on input line 4763.
\XeTeXLinkMargin=\dimen277
 (C:\Users\ejubb\AppData\Local\Programs\MiKTeX\tex/generic/bitset\bitset.sty
Package: bitset 2019/12/09 v1.3 Handle bit-vector datatype (HO)
 (C:\Users\ejubb\AppData\Local\Programs\MiKTeX\tex/generic/bigintcalc\bigintcalc.sty
Package: bigintcalc 2019/12/15 v1.5 Expandable calculations on big integers (HO)
))
\Fld@menulength=\count318
\Field@Width=\dimen278
\Fld@charsize=\dimen279
Package hyperref Info: Hyper figures OFF on input line 6042.
Package hyperref Info: Link nesting OFF on input line 6047.
Package hyperref Info: Hyper index ON on input line 6050.
Package hyperref Info: backreferencing OFF on input line 6057.
Package hyperref Info: Link coloring OFF on input line 6062.
Package hyperref Info: Link coloring with OCG OFF on input line 6067.
Package hyperref Info: PDF/A mode OFF on input line 6072.
 (C:\Users\ejubb\AppData\Local\Programs\MiKTeX\tex/latex/base\atbegshi-ltx.sty
Package: atbegshi-ltx 2021/01/10 v1.0c Emulation of the original atbegshi
package with kernel methods
)
\Hy@abspage=\count319
\c@Item=\count320
\c@Hfootnote=\count321
)
Package hyperref Info: Driver: hpdftex.
 (C:\Users\ejubb\AppData\Local\Programs\MiKTeX\tex/latex/hyperref\hpdftex.def
File: hpdftex.def 2024-07-10 v7.01j Hyperref driver for pdfTeX
\Fld@listcount=\count322
\c@bookmark@seq@number=\count323
 (C:\Users\ejubb\AppData\Local\Programs\MiKTeX\tex/latex/rerunfilecheck\rerunfilecheck.sty
Package: rerunfilecheck 2022-07-10 v1.10 Rerun checks for auxiliary files (HO)
 (C:\Users\ejubb\AppData\Local\Programs\MiKTeX\tex/generic/uniquecounter\uniquecounter.sty
Package: uniquecounter 2019/12/15 v1.4 Provide unlimited unique counter (HO)
)
Package uniquecounter Info: New unique counter `rerunfilecheck' on input line 285.
)
\Hy@SectionHShift=\skip82
) (C:\Users\ejubb\AppData\Local\Programs\MiKTeX\tex/latex/bookmark\bookmark.sty
Package: bookmark 2023-12-10 v1.31 PDF bookmarks (HO)
 (C:\Users\ejubb\AppData\Local\Programs\MiKTeX\tex/latex/bookmark\bkm-pdftex.def
File: bkm-pdftex.def 2023-12-10 v1.31 bookmark driver for pdfTeX and luaTeX (HO)
\BKM@id=\count324
))
Package hyperref Info: Option `colorlinks' set `true' on input line 276.
LaTeX Font Info:    Trying to load font information for OT1+phv on input line 690.
 (C:\Users\ejubb\AppData\Local\Programs\MiKTeX\tex/latex/psnfss\ot1phv.fd
File: ot1phv.fd 2020/03/25 scalable font definitions for OT1/phv.
)) (C:\Users\ejubb\AppData\Local\Programs\MiKTeX\tex/latex/base\inputenc.sty
Package: inputenc 2024/02/08 v1.3d Input encoding file
\inpenc@prehook=\toks37
\inpenc@posthook=\toks38
) (C:\Users\ejubb\AppData\Local\Programs\MiKTeX\tex/latex/base\fontenc.sty
Package: fontenc 2021/04/29 v2.0v Standard LaTeX package
LaTeX Font Info:    Trying to load font information for T1+phv on input line 116.
 (C:\Users\ejubb\AppData\Local\Programs\MiKTeX\tex/latex/psnfss\t1phv.fd
File: t1phv.fd 2020/03/25 scalable font definitions for T1/phv.
)) (C:\Users\ejubb\AppData\Local\Programs\MiKTeX\tex/latex/blindtext\blindtext.sty
Package: blindtext 2012/01/06 V2.0 blindtext-Package
 (C:\Users\ejubb\AppData\Local\Programs\MiKTeX\tex/latex/tools\xspace.sty
Package: xspace 2014/10/28 v1.13 Space after command names (DPC,MH)
)
\c@blindtext=\count325
\c@Blindtext=\count326
\c@blind@countparstart=\count327
\blind@countxx=\count328
\blindtext@numBlindtext=\count329
\blind@countyy=\count330
\c@blindlist=\count331
\c@blindlistlevel=\count332
\c@blindlist@level=\count333
\blind@listitem=\count334
\c@blind@listcount=\count335
\c@blind@levelcount=\count336
\blind@mathformula=\count337
\blind@Mathformula=\count338
\c@blind@randomcount=\count339
\c@blind@randommax=\count340
\c@blind@pangramcount=\count341
\c@blind@pangrammax=\count342
) (C:\Users\ejubb\AppData\Local\Programs\MiKTeX\tex/latex/minted\minted.sty
Package: minted 2024/10/29 v3.2.0 Yet another Pygments shim for LaTeX
 (C:\Users\ejubb\AppData\Local\Programs\MiKTeX\tex/generic/catchfile\catchfile.sty
Package: catchfile 2019/12/09 v1.8 Catch the contents of a file (HO)
 (C:\Users\ejubb\AppData\Local\Programs\MiKTeX\tex/generic/etexcmds\etexcmds.sty
Package: etexcmds 2019/12/15 v1.7 Avoid name clashes with e-TeX commands (HO)
)) (C:\Users\ejubb\AppData\Local\Programs\MiKTeX\tex/latex/fvextra\fvextra.sty
Package: fvextra 2024/10/16 v1.9.0 fvextra - extensions and patches for fancyvrb
 (C:\Users\ejubb\AppData\Local\Programs\MiKTeX\tex/latex/fancyvrb\fancyvrb.sty
Package: fancyvrb 2024/01/20 4.5c verbatim text (tvz,hv)
\FV@CodeLineNo=\count343
\FV@InFile=\read4
\FV@TabBox=\box69
\c@FancyVerbLine=\count344
\FV@StepNumber=\count345
\FV@OutFile=\write4
) (C:\Users\ejubb\AppData\Local\Programs\MiKTeX\tex/latex/upquote\upquote.sty
Package: upquote 2012/04/19 v1.3 upright-quote and grave-accent glyphs in verbatim

(C:\Users\ejubb\AppData\Local\Programs\MiKTeX\tex/latex/base\textcomp.sty
Package: textcomp 2024/04/24 v2.1b Standard LaTeX package
)) (C:\Users\ejubb\AppData\Local\Programs\MiKTeX\tex/latex/lineno\lineno.sty
Package: lineno 2023/05/20 line numbers on paragraphs v5.3
\linenopenalty=\count346
\output=\toks39
\linenoprevgraf=\count347
\linenumbersep=\dimen280
\linenumberwidth=\dimen281
\c@linenumber=\count348
\c@pagewiselinenumber=\count349
\c@LN@truepage=\count350
\c@internallinenumber=\count351
\c@internallinenumbers=\count352
\quotelinenumbersep=\dimen282
\bframerule=\dimen283
\bframesep=\dimen284
\bframebox=\box70
\linenoamsmath@ams@eqpen=\count353
LaTeX Info: Redefining \\ on input line 3180.
)
\c@FancyVerbWriteLine=\count354
\c@FancyVerbBufferIndex=\count355
\c@FancyVerbBufferLine=\count356
\c@FV@TrueTabGroupLevel=\count357
\c@FV@TrueTabCounter=\count358
\FV@TabBox@Group=\box71
\FV@TmpLength=\skip83
\c@FV@HighlightLinesStart=\count359
\c@FV@HighlightLinesStop=\count360
\FV@LoopCount=\count361
\FV@NCharsBox=\box72
\FV@BreakIndent=\dimen285
\FV@BreakIndentNChars=\count362
\FV@BreakSymbolSepLeft=\dimen286
\FV@BreakSymbolSepLeftNChars=\count363
\FV@BreakSymbolSepRight=\dimen287
\FV@BreakSymbolSepRightNChars=\count364
\FV@BreakSymbolIndentLeft=\dimen288
\FV@BreakSymbolIndentLeftNChars=\count365
\FV@BreakSymbolIndentRight=\dimen289
\FV@BreakSymbolIndentRightNChars=\count366
\c@FancyVerbLineBreakLast=\count367
\FV@LineBox=\box73
\FV@LineIndentBox=\box74
\c@FV@BreakBufferDepth=\count368
\FV@LineWidth=\dimen290
) (C:\Users\ejubb\AppData\Local\Programs\MiKTeX\tex/latex/latex2pydata\latex2pydata.sty
Package: latex2pydata 2024/10/16 v0.3.0 latex2pydata - write data to file in Python literal format
\c@pydata@bufferindex=\count369
) (C:\Users\ejubb\AppData\Local\Programs\MiKTeX\tex/latex/pgfopts\pgfopts.sty
Package: pgfopts 2014/07/10 v2.1a LaTeX package options with pgfkeys
\pgfopts@list@add@a@toks=\toks40
\pgfopts@list@add@b@toks=\toks41
) (C:\Users\ejubb\AppData\Local\Programs\MiKTeX\tex/latex/tools\shellesc.sty
Package: shellesc 2023/07/08 v1.0d unified shell escape interface for LaTeX
Package shellesc Info: Restricted shell escape enabled on input line 77.
) (C:\Users\ejubb\AppData\Local\Programs\MiKTeX\tex/latex/float\float.sty
Package: float 2001/11/08 v1.3d Float enhancements (AL)
\c@float@type=\count370
\float@exts=\toks42
\float@box=\box75
\@float@everytoks=\toks43
\@floatcapt=\box76
) (C:\Users\ejubb\AppData\Local\Programs\MiKTeX\tex/latex/floatbytocbasic\floatbytocbasic.sty
Package: floatbytocbasic 2023-08-16 v1.0 improved float package using tocbasic
 (C:\Users\ejubb\AppData\Local\Programs\MiKTeX\tex/latex/xpatch\xpatch.sty (C:\Users\ejubb\AppData\Local\Programs\MiKTeX\tex/latex/l3kernel\expl3.sty
Package: expl3 2024-10-09 L3 programming layer (loader) 
 (C:\Users\ejubb\AppData\Local\Programs\MiKTeX\tex/latex/l3backend\l3backend-pdftex.def
File: l3backend-pdftex.def 2024-05-08 L3 backend support: PDF output (pdfTeX)
\l__color_backend_stack_int=\count371
\l__pdf_internal_box=\box77
))
Package: xpatch 2020/03/25 v0.3a Extending etoolbox patching commands
 (C:\Users\ejubb\AppData\Local\Programs\MiKTeX\tex/latex/l3packages/xparse\xparse.sty
Package: xparse 2024-08-16 L3 Experimental document command parser
)))
\c@minted@tmpcnt=\count372
\c@minted@FancyVerbLineTemp=\count373
Package tocbasic Info: setting babel extension for `lol' on input line 1900.
\@float@every@listing=\toks44
\c@listing=\count374
) (C:\Users\ejubb\AppData\Local\Programs\MiKTeX\tex/latex/comment\comment.sty
\CommentStream=\write5
 Excluding comment 'comment') (C:\Users\ejubb\AppData\Local\Programs\MiKTeX\tex/latex/csquotes\csquotes.sty
Package: csquotes 2024-04-04 v5.2o context-sensitive quotations (JAW)
\csq@reset=\count375
\csq@gtype=\count376
\csq@glevel=\count377
\csq@qlevel=\count378
\csq@maxlvl=\count379
\csq@tshold=\count380
\csq@ltx@everypar=\toks45
 (C:\Users\ejubb\AppData\Local\Programs\MiKTeX\tex/latex/csquotes\csquotes.def
File: csquotes.def 2024-04-04 v5.2o csquotes generic definitions (JAW)
)
Package csquotes Info: Trying to load configuration file 'csquotes.cfg'...
Package csquotes Info: ... configuration file loaded successfully.
 (C:\Users\ejubb\AppData\Local\Programs\MiKTeX\tex/latex/csquotes\csquotes.cfg
File: csquotes.cfg 
)) (C:\Users\ejubb\AppData\Local\Programs\MiKTeX\tex/latex/graphics\lscape.sty
Package: lscape 2020/05/28 v3.02 Landscape Pages (DPC)
) (C:\Users\ejubb\AppData\Local\Programs\MiKTeX\tex/latex/lscapeenhanced\lscapeenhanced.sty
Package: lscapeenhanced 2024-04-16 v1.0 improved lscape package
Package lscapeenhanced Info: \landscape patched to make \textheight change optional on input line 72.
\@lscapeenhanced@textheight=\skip84
) (C:\Users\ejubb\AppData\Local\Programs\MiKTeX\tex/latex/pdflscape\pdflscape.sty
Package: pdflscape 2022-10-27 v0.13 Display of landscape pages in PDF
 (C:\Users\ejubb\AppData\Local\Programs\MiKTeX\tex/latex/pdflscape\pdflscape-nometadata.sty
Package: pdflscape-nometadata 2022-10-28 v0.13 Display of landscape pages in PDF (HO)
Package pdflscape Info: Auto-detected driver: pdftex on input line 81.
)) (C:\Users\ejubb\AppData\Local\Programs\MiKTeX\tex/latex/base\alltt.sty
Package: alltt 2024/02/08 v2.0g defines alltt environment
) (C:\Users\ejubb\AppData\Local\Programs\MiKTeX\tex/latex/algorithms\algorithm.sty
Package: algorithm 2009/08/24 v0.1 Document Style `algorithm' - floating environment
Package tocbasic Info: setting babel extension for `loa' on input line 96.
\@float@every@algorithm=\toks46
\c@algorithm=\count381
) (C:\Users\ejubb\AppData\Local\Programs\MiKTeX\tex/latex/algorithmicx\algpseudocode.sty
Package: algpseudocode 
 (C:\Users\ejubb\AppData\Local\Programs\MiKTeX\tex/latex/algorithmicx\algorithmicx.sty
Package: algorithmicx 2005/04/27 v1.2 Algorithmicx

Document Style algorithmicx 1.2 - a greatly improved `algorithmic' style
\c@ALG@line=\count382
\c@ALG@rem=\count383
\c@ALG@nested=\count384
\ALG@tlm=\skip85
\ALG@thistlm=\skip86
\c@ALG@Lnr=\count385
\c@ALG@blocknr=\count386
\c@ALG@storecount=\count387
\c@ALG@tmpcounter=\count388
\ALG@tmplength=\skip87
)
Document Style - pseudocode environments for use with the `algorithmicx' style
) (C:\Users\ejubb\AppData\Local\Programs\MiKTeX\tex/latex/biblatex\biblatex.sty
Package: biblatex 2024/03/21 v3.20 programmable bibliographies (PK/MW)
 (C:\Users\ejubb\AppData\Local\Programs\MiKTeX\tex/latex/logreq\logreq.sty
Package: logreq 2010/08/04 v1.0 xml request logger
\lrq@indent=\count389
 (C:\Users\ejubb\AppData\Local\Programs\MiKTeX\tex/latex/logreq\logreq.def
File: logreq.def 2010/08/04 v1.0 logreq spec v1.0
))
\c@tabx@nest=\count390
\c@listtotal=\count391
\c@listcount=\count392
\c@liststart=\count393
\c@liststop=\count394
\c@citecount=\count395
\c@citetotal=\count396
\c@multicitecount=\count397
\c@multicitetotal=\count398
\c@instcount=\count399
\c@maxnames=\count400
\c@minnames=\count401
\c@maxitems=\count402
\c@minitems=\count403
\c@citecounter=\count404
\c@maxcitecounter=\count405
\c@savedcitecounter=\count406
\c@uniquelist=\count407
\c@uniquename=\count408
\c@refsection=\count409
\c@refsegment=\count410
\c@maxextratitle=\count411
\c@maxextratitleyear=\count412
\c@maxextraname=\count413
\c@maxextradate=\count414
\c@maxextraalpha=\count415
\c@abbrvpenalty=\count416
\c@highnamepenalty=\count417
\c@lownamepenalty=\count418
\c@maxparens=\count419
\c@parenlevel=\count420
\blx@tempcnta=\count421
\blx@tempcntb=\count422
\blx@tempcntc=\count423
\c@blx@maxsection=\count424
\blx@maxsegment@0=\count425
\blx@notetype=\count426
\blx@parenlevel@text=\count427
\blx@parenlevel@foot=\count428
\blx@sectionciteorder@0=\count429
\blx@sectionciteorderinternal@0=\count430
\blx@entrysetcounter=\count431
\blx@biblioinstance=\count432
\labelnumberwidth=\skip88
\labelalphawidth=\skip89
\biblabelsep=\skip90
\bibitemsep=\skip91
\bibnamesep=\skip92
\bibinitsep=\skip93
\bibparsep=\skip94
\bibhang=\skip95
\blx@bcfin=\read5
\blx@bcfout=\write6
\blx@langwohyphens=\language80
\c@mincomprange=\count433
\c@maxcomprange=\count434
\c@mincompwidth=\count435
Package biblatex Info: Trying to load biblatex default data model...
Package biblatex Info: ... file 'blx-dm.def' found.
 (C:\Users\ejubb\AppData\Local\Programs\MiKTeX\tex/latex/biblatex\blx-dm.def
File: blx-dm.def 2024/03/21 v3.20 biblatex datamodel (PK/MW)
)
Package biblatex Info: Trying to load biblatex style data model...
Package biblatex Info: ... file 'ieee.dbx' not found.
Package biblatex Info: Trying to load biblatex custom data model...
Package biblatex Info: ... file 'biblatex-dm.cfg' not found.
\c@afterword=\count436
\c@savedafterword=\count437
\c@annotator=\count438
\c@savedannotator=\count439
\c@author=\count440
\c@savedauthor=\count441
\c@bookauthor=\count442
\c@savedbookauthor=\count443
\c@commentator=\count444
\c@savedcommentator=\count445
\c@editor=\count446
\c@savededitor=\count447
\c@editora=\count448
\c@savededitora=\count449
\c@editorb=\count450
\c@savededitorb=\count451
\c@editorc=\count452
\c@savededitorc=\count453
\c@foreword=\count454
\c@savedforeword=\count455
\c@holder=\count456
\c@savedholder=\count457
\c@introduction=\count458
\c@savedintroduction=\count459
\c@namea=\count460
\c@savednamea=\count461
\c@nameb=\count462
\c@savednameb=\count463
\c@namec=\count464
\c@savednamec=\count465
\c@translator=\count466
\c@savedtranslator=\count467
\c@shortauthor=\count468
\c@savedshortauthor=\count469
\c@shorteditor=\count470
\c@savedshorteditor=\count471
\c@labelname=\count472
\c@savedlabelname=\count473
\c@institution=\count474
\c@savedinstitution=\count475
\c@lista=\count476
\c@savedlista=\count477
\c@listb=\count478
\c@savedlistb=\count479
\c@listc=\count480
\c@savedlistc=\count481
\c@listd=\count482
\c@savedlistd=\count483
\c@liste=\count484
\c@savedliste=\count485
\c@listf=\count486
\c@savedlistf=\count487
\c@location=\count488
\c@savedlocation=\count489
\c@organization=\count490
\c@savedorganization=\count491
\c@origlocation=\count492
\c@savedoriglocation=\count493
\c@origpublisher=\count494
\c@savedorigpublisher=\count495
\c@publisher=\count496
\c@savedpublisher=\count497
\c@language=\count498
\c@savedlanguage=\count499
\c@origlanguage=\count500
\c@savedoriglanguage=\count501
\c@pageref=\count502
\c@savedpageref=\count503
\shorthandwidth=\skip96
\shortjournalwidth=\skip97
\shortserieswidth=\skip98
\shorttitlewidth=\skip99
\shortauthorwidth=\skip100
\shorteditorwidth=\skip101
\locallabelnumberwidth=\skip102
\locallabelalphawidth=\skip103
\localshorthandwidth=\skip104
\localshortjournalwidth=\skip105
\localshortserieswidth=\skip106
\localshorttitlewidth=\skip107
\localshortauthorwidth=\skip108
\localshorteditorwidth=\skip109
Package biblatex Info: Trying to load compatibility code...
Package biblatex Info: ... file 'blx-compat.def' found.
 (C:\Users\ejubb\AppData\Local\Programs\MiKTeX\tex/latex/biblatex\blx-compat.def
File: blx-compat.def 2024/03/21 v3.20 biblatex compatibility (PK/MW)
)
Package biblatex Info: Trying to load generic definitions...
Package biblatex Info: ... file 'biblatex.def' found.
 (C:\Users\ejubb\AppData\Local\Programs\MiKTeX\tex/latex/biblatex\biblatex.def
File: biblatex.def 2024/03/21 v3.20 biblatex compatibility (PK/MW)
\c@textcitecount=\count504
\c@textcitetotal=\count505
\c@textcitemaxnames=\count506
\c@biburlbigbreakpenalty=\count507
\c@biburlbreakpenalty=\count508
\c@biburlnumpenalty=\count509
\c@biburlucpenalty=\count510
\c@biburllcpenalty=\count511
\biburlbigskip=\muskip19
\biburlnumskip=\muskip20
\biburlucskip=\muskip21
\biburllcskip=\muskip22
\c@smartand=\count512
)
Package biblatex Info: Trying to load bibliography style 'ieee'...
Package biblatex Info: ... file 'ieee.bbx' found.
 (C:\Users\ejubb\AppData\Local\Programs\MiKTeX\tex/latex/biblatex-ieee\ieee.bbx
File: ieee.bbx 2024/08/14 v1.3g biblatex bibliography style
Package biblatex Info: Trying to load bibliography style 'numeric-comp'...
Package biblatex Info: ... file 'numeric-comp.bbx' found.
 (C:\Users\ejubb\AppData\Local\Programs\MiKTeX\tex/latex/biblatex/bbx\numeric-comp.bbx
File: numeric-comp.bbx 2024/03/21 v3.20 biblatex bibliography style (PK/MW)
Package biblatex Info: Trying to load bibliography style 'numeric'...
Package biblatex Info: ... file 'numeric.bbx' found.
 (C:\Users\ejubb\AppData\Local\Programs\MiKTeX\tex/latex/biblatex/bbx\numeric.bbx
File: numeric.bbx 2024/03/21 v3.20 biblatex bibliography style (PK/MW)
Package biblatex Info: Trying to load bibliography style 'standard'...
Package biblatex Info: ... file 'standard.bbx' found.
 (C:\Users\ejubb\AppData\Local\Programs\MiKTeX\tex/latex/biblatex/bbx\standard.bbx
File: standard.bbx 2024/03/21 v3.20 biblatex bibliography style (PK/MW)
\c@bbx:relatedcount=\count513
\c@bbx:relatedtotal=\count514
))))
Package biblatex Info: Trying to load citation style 'ieee'...
Package biblatex Info: ... file 'ieee.cbx' found.
 (C:\Users\ejubb\AppData\Local\Programs\MiKTeX\tex/latex/biblatex-ieee\ieee.cbx
File: ieee.cbx 2024/08/14 v1.3g biblatex citation style
Package biblatex Info: Trying to load citation style 'numeric-comp'...
Package biblatex Info: ... file 'numeric-comp.cbx' found.
 (C:\Users\ejubb\AppData\Local\Programs\MiKTeX\tex/latex/biblatex/cbx\numeric-comp.cbx
File: numeric-comp.cbx 2024/03/21 v3.20 biblatex citation style (PK/MW)
\c@cbx@tempcnta=\count515
\c@cbx@tempcntb=\count516
\c@cbx@tempcntc=\count517
\c@cbx@tempcntd=\count518
Package biblatex Info: Redefining '\cite'.
Package biblatex Info: Redefining '\parencite'.
Package biblatex Info: Redefining '\footcite'.
Package biblatex Info: Redefining '\footcitetext'.
Package biblatex Info: Redefining '\smartcite'.
Package biblatex Info: Redefining '\supercite'.
Package biblatex Info: Redefining '\textcite'.
Package biblatex Info: Redefining '\textcites'.
Package biblatex Info: Redefining '\cites'.
Package biblatex Info: Redefining '\parencites'.
Package biblatex Info: Redefining '\smartcites'.
)
Package biblatex Info: Redefining '\cite'.
Package biblatex Info: Redefining '\supercite'.
Package biblatex Info: Redefining '\cites'.
)
Package biblatex Info: Trying to load configuration file...
Package biblatex Info: ... file 'biblatex.cfg' found.
 (C:\Users\ejubb\AppData\Local\Programs\MiKTeX\tex/latex/biblatex\biblatex.cfg
File: biblatex.cfg 
)
Package biblatex Info: Input encoding 'utf8' detected.
Package biblatex Info: Document encoding is UTF8 ....
Package biblatex Info: ... and expl3
(biblatex)             2024-10-09 L3 programming layer (loader) 
(biblatex)             is new enough (at least 2020/04/06),
(biblatex)             setting 'casechanger=expl3'.
 (C:\Users\ejubb\AppData\Local\Programs\MiKTeX\tex/latex/biblatex\blx-case-expl3.sty
Package: blx-case-expl3 2024/03/21 v3.20 expl3 case changing code for biblatex
))
Package csquotes Info: Checking for multilingual support...
Package csquotes Info: ... found 'babel' package.
Package csquotes Info: Adjusting default style.
Package csquotes Info: Redefining alias 'default' -> 'english'.
 (main.aux)
\openout1 = `main.aux'.

LaTeX Font Info:    Checking defaults for OML/cmm/m/it on input line 57.
LaTeX Font Info:    ... okay on input line 57.
LaTeX Font Info:    Checking defaults for OMS/cmsy/m/n on input line 57.
LaTeX Font Info:    ... okay on input line 57.
LaTeX Font Info:    Checking defaults for OT1/cmr/m/n on input line 57.
LaTeX Font Info:    ... okay on input line 57.
LaTeX Font Info:    Checking defaults for T1/cmr/m/n on input line 57.
LaTeX Font Info:    ... okay on input line 57.
LaTeX Font Info:    Checking defaults for TS1/cmr/m/n on input line 57.
LaTeX Font Info:    ... okay on input line 57.
LaTeX Font Info:    Checking defaults for OMX/cmex/m/n on input line 57.
LaTeX Font Info:    ... okay on input line 57.
LaTeX Font Info:    Checking defaults for U/cmr/m/n on input line 57.
LaTeX Font Info:    ... okay on input line 57.
LaTeX Font Info:    Checking defaults for PD1/pdf/m/n on input line 57.
LaTeX Font Info:    ... okay on input line 57.
LaTeX Font Info:    Checking defaults for PU/pdf/m/n on input line 57.
LaTeX Font Info:    ... okay on input line 57.
Package scrbase Info: activating english \partname on input line 57.
Package scrbase Info: activating english \chaptername on input line 57.
Package scrbase Info: activating english \appendixname on input line 57.
Package scrbase Info: activating english \figurename on input line 57.
Package scrbase Info: activating english \tablename on input line 57.
Package scrbase Info: activating english \contentsname on input line 57.
Package scrbase Info: activating english \listfigurename on input line 57.
Package scrbase Info: activating english \listtablename on input line 57.
Package scrbase Info: activating english \bibname on input line 57.
Package scrbase Info: activating english \indexname on input line 57.
 (C:\Users\ejubb\AppData\Local\Programs\MiKTeX\tex/context/base/mkii\supp-pdf.mkii
[Loading MPS to PDF converter (version 2006.09.02).]
\scratchcounter=\count519
\scratchdimen=\dimen291
\scratchbox=\box78
\nofMPsegments=\count520
\nofMParguments=\count521
\everyMPshowfont=\toks47
\MPscratchCnt=\count522
\MPscratchDim=\dimen292
\MPnumerator=\count523
\makeMPintoPDFobject=\count524
\everyMPtoPDFconversion=\toks48
) (C:\Users\ejubb\AppData\Local\Programs\MiKTeX\tex/latex/epstopdf-pkg\epstopdf-base.sty
Package: epstopdf-base 2020-01-24 v2.11 Base part for package epstopdf
Package epstopdf-base Info: Redefining graphics rule for `.eps' on input line 485.
 (C:\Users\ejubb\AppData\Local\Programs\MiKTeX\tex/latex/00miktex\epstopdf-sys.cfg
File: epstopdf-sys.cfg 2021/03/18 v2.0 Configuration of epstopdf for MiKTeX
))
Package caption Info: Begin \AtBeginDocument code.
Package caption Info: float package is loaded.
Package caption Info: hyperref package is loaded.
Package caption Info: End \AtBeginDocument code.
Package hyperref Info: Link coloring ON on input line 57.
Package biblatex Info: Trying to load language 'english'...
Package biblatex Info: ... file 'english.lbx' found.
 (C:\Users\ejubb\AppData\Local\Programs\MiKTeX\tex/latex/biblatex/lbx\english.lbx
File: english.lbx 2024/03/21 v3.20 biblatex localization (PK/MW)
)
Package biblatex Info: Input encoding 'utf8' detected.
Package biblatex Info: Automatic encoding selection.
(biblatex)             Assuming data encoding 'utf8'.
\openout6 = `main.bcf'.

Package biblatex Info: Trying to load bibliographic data...
Package biblatex Info: ... file 'main.bbl' found.
 (main.bbl

Package biblatex Warning: The following entry could not be found
(biblatex)                in the database:
(biblatex)                debian_apt_2024
(biblatex)                Please verify the spelling and rerun
(biblatex)                LaTeX afterwards.


Package biblatex Warning: The following entry could not be found
(biblatex)                in the database:
(biblatex)                grover_anomaly_2018
(biblatex)                Please verify the spelling and rerun
(biblatex)                LaTeX afterwards.


Package biblatex Warning: The following entry could not be found
(biblatex)                in the database:
(biblatex)                log_based_malicious_detection
(biblatex)                Please verify the spelling and rerun
(biblatex)                LaTeX afterwards.


Package biblatex Warning: The following entry could not be found
(biblatex)                in the database:
(biblatex)                matlab_software
(biblatex)                Please verify the spelling and rerun
(biblatex)                LaTeX afterwards.


Package biblatex Warning: The following entry could not be found
(biblatex)                in the database:
(biblatex)                mitre_attack_chain
(biblatex)                Please verify the spelling and rerun
(biblatex)                LaTeX afterwards.


Package biblatex Warning: The following entry could not be found
(biblatex)                in the database:
(biblatex)                mitre_attack_stuxnet
(biblatex)                Please verify the spelling and rerun
(biblatex)                LaTeX afterwards.


Package biblatex Warning: The following entry could not be found
(biblatex)                in the database:
(biblatex)                mitre_attack_triton
(biblatex)                Please verify the spelling and rerun
(biblatex)                LaTeX afterwards.


Package biblatex Warning: The following entry could not be found
(biblatex)                in the database:
(biblatex)                mmonit_manual_2024
(biblatex)                Please verify the spelling and rerun
(biblatex)                LaTeX afterwards.


Package biblatex Warning: The following entry could not be found
(biblatex)                in the database:
(biblatex)                nistir_8089
(biblatex)                Please verify the spelling and rerun
(biblatex)                LaTeX afterwards.


Package biblatex Warning: The following entry could not be found
(biblatex)                in the database:
(biblatex)                noauthor_user_2020
(biblatex)                Please verify the spelling and rerun
(biblatex)                LaTeX afterwards.


Package biblatex Warning: The following entry could not be found
(biblatex)                in the database:
(biblatex)                optware_ng_2024
(biblatex)                Please verify the spelling and rerun
(biblatex)                LaTeX afterwards.


Package biblatex Warning: The following entry could not be found
(biblatex)                in the database:
(biblatex)                phoenix_contact_axc_f_2152
(biblatex)                Please verify the spelling and rerun
(biblatex)                LaTeX afterwards.


Package biblatex Warning: The following entry could not be found
(biblatex)                in the database:
(biblatex)                phoenixcontact_plcnext_engineer
(biblatex)                Please verify the spelling and rerun
(biblatex)                LaTeX afterwards.


Package biblatex Warning: The following entry could not be found
(biblatex)                in the database:
(biblatex)                plcnext_getting_started_2024
(biblatex)                Please verify the spelling and rerun
(biblatex)                LaTeX afterwards.


Package biblatex Warning: The following entry could not be found
(biblatex)                in the database:
(biblatex)                raspberrypi3bplus
(biblatex)                Please verify the spelling and rerun
(biblatex)                LaTeX afterwards.


Package biblatex Warning: The following entry could not be found
(biblatex)                in the database:
(biblatex)                scikit-resamble
(biblatex)                Please verify the spelling and rerun
(biblatex)                LaTeX afterwards.


Package biblatex Warning: The following entry could not be found
(biblatex)                in the database:
(biblatex)                sliver_getting_started_2024
(biblatex)                Please verify the spelling and rerun
(biblatex)                LaTeX afterwards.

)
Package biblatex Info: Reference section=0 on input line 57.
Package biblatex Info: Reference segment=0 on input line 57.
LaTeX Font Info:    Trying to load font information for U+msa on input line 61.
 (C:\Users\ejubb\AppData\Local\Programs\MiKTeX\tex/latex/amsfonts\umsa.fd
File: umsa.fd 2013/01/14 v3.01 AMS symbols A
)
LaTeX Font Info:    Trying to load font information for U+msb on input line 61.
 (C:\Users\ejubb\AppData\Local\Programs\MiKTeX\tex/latex/amsfonts\umsb.fd
File: umsb.fd 2013/01/14 v3.01 AMS symbols B
)
Overfull \hbox (18.01724pt too wide) in paragraph at lines 61--61
[]| [] 
 []


Underfull \hbox (badness 1810) in paragraph at lines 61--61
\T1/phv/b/n/20.74 Present-Day PLCs for Cy-ber-se-cu-rity Pur-
 []




LaTeX Warning: File `PICs/fhtw_cover.png' not found on input line 61.


c:/Users/ejubb/Desktop/Git/Master/Master Thesis/main.tex:61: Package pdftex.def Error: File `PICs/fhtw_cover.png' not found: using draft setting.

See the pdftex.def package documentation for explanation.
Type  H <return>  for immediate help.
 ...                                              
                                                  
l.61 \chapter
             {Introduction}
Try typing  <return>  to proceed.
If that doesn't work, type  X <return>  to quit.

LaTeX Font Info:    Trying to load font information for T1+pcr on input line 61.
(C:\Users\ejubb\AppData\Local\Programs\MiKTeX\tex/latex/psnfss\t1pcr.fd
File: t1pcr.fd 2001/06/04 font definitions for T1/pcr.
) [-9{C:/Users/ejubb/AppData/Local/MiKTeX/fonts/map/pdftex/pdftex.map}{C:/Users/ejubb/AppData/Local/Programs/MiKTeX/fonts/enc/dvips/base/8r.enc}



]

[-8

]

[-7

]

[-6

]
Underfull \hbox (badness 10000) in paragraph at lines 61--61

 []


Underfull \hbox (badness 10000) in paragraph at lines 61--61

 []


Underfull \hbox (badness 10000) in paragraph at lines 61--61

 []



[-5

]
No file main.toc.
\tf@toc=\write7
\openout7 = `main.toc'.



[-4

]
chapter 1.


[1

]

[2]

[3]

LaTeX Warning: Citation 'phoenix_contact_axc_f_2152' on page 4 undefined on input line 74.


LaTeX Warning: Citation 'noauthor_user_2020' on page 4 undefined on input line 74.


LaTeX Warning: Citation 'mitre_attack_chain' on page 4 undefined on input line 74.



[4]
chapter 2.


[5]
LaTeX Font Info:    Trying to load font information for TS1+phv on input line 102.
 (C:\Users\ejubb\AppData\Local\Programs\MiKTeX\tex/latex/psnfss\ts1phv.fd
File: ts1phv.fd 2020/03/25 scalable font definitions for TS1/phv.
)

[6]

LaTeX Warning: Citation 'matlab_software' on page 7 undefined on input line 114.


LaTeX Warning: Citation 'mitre_attack_chain' on page 7 undefined on input line 114.


LaTeX Warning: Citation 'raspberrypi3bplus' on page 7 undefined on input line 114.



[7]

LaTeX Warning: Citation 'phoenix_contact_axc_f_2152' on page 8 undefined on input line 118.


LaTeX Warning: Citation 'raspberrypi3bplus' on page 8 undefined on input line 118.


LaTeX Warning: Citation 'phoenix_contact_axc_f_2152' on page 8 undefined on input line 118.


LaTeX Warning: Reference `fig:real_testbed' on page 8 undefined on input line 118.


LaTeX Warning: Citation 'mitre_attack_chain' on page 8 undefined on input line 118.


Underfull \hbox (badness 5817) in paragraph at lines 118--119
\T1/phv/m/n/10.95 The testbed con-sists of two PLCs mod-els AXC F 2152 from Phoenix Con-tact
 []



[8]

LaTeX Warning: File `PICs/realtestbed.jpg' not found on input line 122.


c:/Users/ejubb/Desktop/Git/Master/Master Thesis/main.tex:122: Package pdftex.def Error: File `PICs/realtestbed.jpg' not found: using draft setting.

See the pdftex.def package documentation for explanation.
Type  H <return>  for immediate help.
 ...                                              
                                                  
l.122 ...[width=1\textwidth]{PICs/realtestbed.jpg}
                                                  
Try typing  <return>  to proceed.
If that doesn't work, type  X <return>  to quit.


LaTeX Warning: Reference `fig:testbed_architecture' on page 9 undefined on input line 130.


LaTeX Warning: Citation 'phoenixcontact_plcnext_engineer' on page 9 undefined on input line 130.


LaTeX Warning: File `PICs/testbed.png' not found on input line 134.


c:/Users/ejubb/Desktop/Git/Master/Master Thesis/main.tex:134: Package pdftex.def Error: File `PICs/testbed.png' not found: using draft setting.

See the pdftex.def package documentation for explanation.
Type  H <return>  for immediate help.
 ...                                              
                                                  
l.134 ...hics[width=1\textwidth]{PICs/testbed.png}
                                                  
Try typing  <return>  to proceed.
If that doesn't work, type  X <return>  to quit.


LaTeX Warning: Reference `tab:network_config' on page 9 undefined on input line 139.


Underfull \hbox (badness 1448) in paragraph at lines 145--145
[]|\T1/phv/m/n/10.95 Simulated At-tacker - Win-
 []


LaTeX Warning: Reference `fig:Application_testbed' on page 9 undefined on input line 161.



[9]

[10]

[11]

LaTeX Warning: File `PICs/appl.drawio.png' not found on input line 165.


c:/Users/ejubb/Desktop/Git/Master/Master Thesis/main.tex:165: Package pdftex.def Error: File `PICs/appl.drawio.png' not found: using draft setting.

See the pdftex.def package documentation for explanation.
Type  H <return>  for immediate help.
 ...                                              
                                                  
l.165 ...[width=1\textwidth]{PICs/appl.drawio.png}
                                                  
Try typing  <return>  to proceed.
If that doesn't work, type  X <return>  to quit.


LaTeX Warning: Citation 'noauthor_user_2020' on page 12 undefined on input line 173.


LaTeX Warning: Citation 'optware_ng_2024' on page 12 undefined on input line 173.


LaTeX Warning: Citation 'debian_apt_2024' on page 12 undefined on input line 173.



[12]

[13]

LaTeX Warning: Citation 'nistir_8089' on page 14 undefined on input line 180.



[14]

LaTeX Warning: Reference `tab:attack_chain_summary' on page 15 undefined on input line 185.


LaTeX Warning: Citation 'nistir_8089' on page 15 undefined on input line 190.


LaTeX Warning: Citation 'phoenixcontact_plcnext_engineer' on page 15 undefined on input line 190.


LaTeX Warning: Reference `tab:plc_metrics' on page 15 undefined on input line 190.



[15]
Underfull \hbox (badness 10000) in paragraph at lines 197--197
\T1/phv/m/n/10.95 and \T1/pcr/m/n/10.95 LAST_ACTIVATION_DELAY
 []


Underfull \hbox (badness 10000) in paragraph at lines 198--198
[]|\T1/phv/m/n/10.95 Measured us-ing the
 []


Underfull \hbox (badness 10000) in paragraph at lines 198--198
\T1/pcr/m/n/10.95 DEVICE_STATE \T1/phv/m/n/10.95 sys-tem vari-
 []


Underfull \hbox (badness 10000) in paragraph at lines 199--199
[]|\T1/phv/m/n/10.95 Monitored us-ing the
 []


Underfull \hbox (badness 10000) in paragraph at lines 200--200
[]|\T1/phv/m/n/10.95 Measured via the
 []


Underfull \hbox (badness 10000) in paragraph at lines 200--200
\T1/pcr/m/n/10.95 BOARD_TEMPERATURE \T1/phv/m/n/10.95 vari-able
 []


Underfull \hbox (badness 3009) in paragraph at lines 201--201
[]|\T1/phv/m/n/10.95 Tracks the num-ber of ex-
 []


LaTeX Warning: Hyper reference `sec:performance_datalogger' on page 16 undefined on input line 208.



[16]

LaTeX Warning: Citation 'log_based_malicious_detection' on page 17 undefined on input line 221.


LaTeX Warning: Citation 'grover_anomaly_2018' on page 17 undefined on input line 221.



[17]

LaTeX Warning: Citation 'optware_ng_2024' on page 18 undefined on input line 225.


LaTeX Warning: Citation 'mmonit_manual_2024' on page 18 undefined on input line 225.


LaTeX Warning: Citation 'phoenixcontact_plcnext_engineer' on page 18 undefined on input line 225.



[18]

[19]

LaTeX Warning: Hyper reference `sec:security_datalogger' on page 20 undefined on input line 235.


LaTeX Warning: Hyper reference `sec:logging_scripts' on page 20 undefined on input line 235.



[20]
Overfull \hbox (38.97356pt too wide) in paragraph at lines 263--299
 [][] 
 []


LaTeX Warning: Citation 'scikit-resamble' on page 21 undefined on input line 305.



[21]

[22]

LaTeX Warning: Citation 'mitre_attack_chain' on page 23 undefined on input line 331.


LaTeX Warning: Citation 'mitre_attack_stuxnet' on page 23 undefined on input line 333.


LaTeX Warning: Citation 'mitre_attack_triton' on page 23 undefined on input line 333.



[23]

LaTeX Warning: Citation 'sliver_getting_started_2024' on page 24 undefined on input line 335.


LaTeX Warning: Citation 'plcnext_getting_started_2024' on page 24 undefined on input line 335.



[24]
chapter 3.


[25]

LaTeX Warning: Reference `fig:cycle_time_plot' on page 26 undefined on input line 394.


LaTeX Warning: File `PICs/cycle_time_plot.png' not found on input line 397.


c:/Users/ejubb/Desktop/Git/Master/Master Thesis/main.tex:397: Package pdftex.def Error: File `PICs/cycle_time_plot.png' not found: using draft setting.

See the pdftex.def package documentation for explanation.
Type  H <return>  for immediate help.
 ...                                              
                                                  
l.397 ...th=1\linewidth]{PICs/cycle_time_plot.png}
                                                  
Try typing  <return>  to proceed.
If that doesn't work, type  X <return>  to quit.


LaTeX Warning: Reference `tab:exec_time_stats' on page 26 undefined on input line 402.


Underfull \hbox (badness 10000) in paragraph at lines 410--410
[]|\T1/phv/m/n/10.95 Normal Exec.
 []


Underfull \hbox (badness 10000) in paragraph at lines 411--411
[]|\T1/phv/m/n/10.95 Logging-Enabled
 []


Underfull \hbox (badness 10000) in paragraph at lines 412--412
[]|\T1/phv/m/n/10.95 Attacked Exec.
 []


LaTeX Warning: Reference `fig:cycle_time_box' on page 26 undefined on input line 420.


LaTeX Warning: File `PICs/cycle_time_box.png' not found on input line 424.


c:/Users/ejubb/Desktop/Git/Master/Master Thesis/main.tex:424: Package pdftex.def Error: File `PICs/cycle_time_box.png' not found: using draft setting.

See the pdftex.def package documentation for explanation.
Type  H <return>  for immediate help.
 ...                                              
                                                  
l.424 ...dth=1\textwidth]{PICs/cycle_time_box.png}
                                                  
Try typing  <return>  to proceed.
If that doesn't work, type  X <return>  to quit.


LaTeX Warning: Reference `tab:delay_time_stats' on page 26 undefined on input line 431.



[26]

[27]

[28]

LaTeX Warning: Reference `fig:memory_fun' on page 29 undefined on input line 450.


LaTeX Warning: Reference `fig:memory_slope' on page 29 undefined on input line 450.


LaTeX Warning: File `PICs/memory_fun.png' not found on input line 453.


c:/Users/ejubb/Desktop/Git/Master/Master Thesis/main.tex:453: Package pdftex.def Error: File `PICs/memory_fun.png' not found: using draft setting.

See the pdftex.def package documentation for explanation.
Type  H <return>  for immediate help.
 ...                                              
                                                  
l.453 ...s[width=1\textwidth]{PICs/memory_fun.png}
                                                  
Try typing  <return>  to proceed.
If that doesn't work, type  X <return>  to quit.


LaTeX Warning: File `PICs/memory_slope.png' not found on input line 459.


c:/Users/ejubb/Desktop/Git/Master/Master Thesis/main.tex:459: Package pdftex.def Error: File `PICs/memory_slope.png' not found: using draft setting.

See the pdftex.def package documentation for explanation.
Type  H <return>  for immediate help.
 ...                                              
                                                  
l.459 ...width=1\textwidth]{PICs/memory_slope.png}
                                                  
Try typing  <return>  to proceed.
If that doesn't work, type  X <return>  to quit.


LaTeX Warning: Reference `fig:cpu_usage_plot' on page 29 undefined on input line 468.



[29]

[30]

[31]

LaTeX Warning: File `PICs/cpu_usage_plot.png' not found on input line 471.


c:/Users/ejubb/Desktop/Git/Master/Master Thesis/main.tex:471: Package pdftex.def Error: File `PICs/cpu_usage_plot.png' not found: using draft setting.

See the pdftex.def package documentation for explanation.
Type  H <return>  for immediate help.
 ...                                              
                                                  
l.471 ...dth=1\textwidth]{PICs/cpu_usage_plot.png}
                                                  
Try typing  <return>  to proceed.
If that doesn't work, type  X <return>  to quit.


LaTeX Warning: Reference `fig:cpu_usage_boxplot' on page 32 undefined on input line 476.


LaTeX Warning: Reference `tab:cpu_usage_stats' on page 32 undefined on input line 476.


LaTeX Warning: File `PICs/cpu_usage_boxplot.png' not found on input line 479.


c:/Users/ejubb/Desktop/Git/Master/Master Thesis/main.tex:479: Package pdftex.def Error: File `PICs/cpu_usage_boxplot.png' not found: using draft setting.

See the pdftex.def package documentation for explanation.
Type  H <return>  for immediate help.
 ...                                              
                                                  
l.479 ...=1\textwidth]{PICs/cpu_usage_boxplot.png}
                                                  
Try typing  <return>  to proceed.
If that doesn't work, type  X <return>  to quit.



[32]

LaTeX Warning: Reference `tab:cpu_usage_stats' on page 33 undefined on input line 484.



[33]

LaTeX Warning: File `PICs/temp_plot.png' not found on input line 506.


c:/Users/ejubb/Desktop/Git/Master/Master Thesis/main.tex:506: Package pdftex.def Error: File `PICs/temp_plot.png' not found: using draft setting.

See the pdftex.def package documentation for explanation.
Type  H <return>  for immediate help.
 ...                                              
                                                  
l.506 ...cs[width=1\textwidth]{PICs/temp_plot.png}
                                                  
Try typing  <return>  to proceed.
If that doesn't work, type  X <return>  to quit.


LaTeX Warning: Reference `fig:temp_plot' on page 34 undefined on input line 511.


LaTeX Warning: Reference `fig:stress_test' on page 34 undefined on input line 511.


LaTeX Warning: File `PICs/stress_test.png' not found on input line 515.


c:/Users/ejubb/Desktop/Git/Master/Master Thesis/main.tex:515: Package pdftex.def Error: File `PICs/stress_test.png' not found: using draft setting.

See the pdftex.def package documentation for explanation.
Type  H <return>  for immediate help.
 ...                                              
                                                  
l.515 ...idth=0.8\textwidth]{PICs/stress_test.png}
                                                  
Try typing  <return>  to proceed.
If that doesn't work, type  X <return>  to quit.



[34]

[35]

[36]
\pydata@fh@_FAD58DE7366495DB4650CFEFAC2FCD61.data.minted=\write8
\openout8 = `_FAD58DE7366495DB4650CFEFAC2FCD61.data.minted'.

runsystem(latexminted config  --timestamp 20241113210050 FAD58DE7366495DB4650CFEFAC2FCD61)...disabled (restricted).



c:/Users/ejubb/Desktop/Git/Master/Master Thesis/main.tex:558: Package minted Error: minted v3+ executable is not installed, is not added to PATH, or is not permitted with restricted shell escape.

See the minted package documentation for explanation.
Type  H <return>  for immediate help.
 ...                                              
                                                  
l.558 \end{minted}
                  
This error message was generated by an \errmessage
command, so I can't give any explicit help.
Pretend that you're Hercule Poirot: Examine all clues,
and deduce the truth by order and method.


c:/Users/ejubb/Desktop/Git/Master/Master Thesis/main.tex:558: Package minted Error: Missing definition for highlighting style "default" (minted executable is unavailable or disabled); attempting to substitute fallback style.

See the minted package documentation for explanation.
Type  H <return>  for immediate help.
 ...                                              
                                                  
l.558 \end{minted}
                  
(That was another \errmessage.)


c:/Users/ejubb/Desktop/Git/Master/Master Thesis/main.tex:558: Package minted Error: Cannot highlight code (minted executable is unavailable or disabled); attempting to typeset without highlighting.

See the minted package documentation for explanation.
Type  H <return>  for immediate help.
 ...                                              
                                                  
l.558 \end{minted}
                  
(That was another \errmessage.)

LaTeX Font Info:    Trying to load font information for T1+ppl on input line 558.
(C:\Users\ejubb\AppData\Local\Programs\MiKTeX\tex/latex/psnfss\t1ppl.fd
File: t1ppl.fd 2001/06/04 font definitions for T1/ppl.
)
Package hyperref Info: bookmark level for unknown listing defaults to 0 on input line 559.


LaTeX Warning: Reference `tab:unbalanced_confusion_matrix' on page 37 undefined on input line 562.


LaTeX Warning: Reference `tab:unbalanced_metrics' on page 37 undefined on input line 562.



[37]
Underfull \hbox (badness 10000) in paragraph at lines 589--591

 []


c:/Users/ejubb/Desktop/Git/Master/Master Thesis/main.tex:608: Package minted Error: Cannot highlight code (minted executable is unavailable or disabled); attempting to typeset without highlighting.

See the minted package documentation for explanation.
Type  H <return>  for immediate help.
 ...                                              
                                                  
l.608 \end{minted}
                  
(That was another \errmessage.)


LaTeX Warning: Reference `tab:balanced_results' on page 38 undefined on input line 639.


LaTeX Warning: Reference `tab:balanced_metrics' on page 38 undefined on input line 639.


Underfull \hbox (badness 10000) in paragraph at lines 639--641

 []



[38]

[39]

LaTeX Warning: File `PICs/port_count.png' not found on input line 645.


c:/Users/ejubb/Desktop/Git/Master/Master Thesis/main.tex:645: Package pdftex.def Error: File `PICs/port_count.png' not found: using draft setting.

See the pdftex.def package documentation for explanation.
Type  H <return>  for immediate help.
 ...                                              
                                                  
l.645 ...s[width=1\textwidth]{PICs/port_count.png}
                                                  
Try typing  <return>  to proceed.
If that doesn't work, type  X <return>  to quit.


LaTeX Warning: File `PICs/temp_count.png' not found on input line 653.


c:/Users/ejubb/Desktop/Git/Master/Master Thesis/main.tex:653: Package pdftex.def Error: File `PICs/temp_count.png' not found: using draft setting.

See the pdftex.def package documentation for explanation.
Type  H <return>  for immediate help.
 ...                                              
                                                  
l.653 ...s[width=1\textwidth]{PICs/temp_count.png}
                                                  
Try typing  <return>  to proceed.
If that doesn't work, type  X <return>  to quit.


LaTeX Warning: Reference `tab:performance_results' on page 40 undefined on input line 658.


Underfull \hbox (badness 10000) in paragraph at lines 658--659

 []



[40]

[41]

[42]

LaTeX Warning: Reference `tab:mitre_manifestation' on page 43 undefined on input line 685.


LaTeX Warning: Reference `tab:mitre_impact' on page 43 undefined on input line 713.



[43]

LaTeX Warning: Reference `tab:mitre_perf' on page 44 undefined on input line 746.



[44]

[45]

LaTeX Warning: File `PICs/cpu_mitre.png' not found on input line 778.


c:/Users/ejubb/Desktop/Git/Master/Master Thesis/main.tex:778: Package pdftex.def Error: File `PICs/cpu_mitre.png' not found: using draft setting.

See the pdftex.def package documentation for explanation.
Type  H <return>  for immediate help.
 ...                                              
                                                  
l.778 ...[width=0.7\textwidth]{PICs/cpu_mitre.png}
                                                  
Try typing  <return>  to proceed.
If that doesn't work, type  X <return>  to quit.



[46]
chapter 4.


[47]

[48]
chapter without number
LaTeX Font Info:    Font shape `T1/phv/m/it' in size <10.95> not available
(Font)              Font shape `T1/phv/m/sl' tried instead on input line 800.

Underfull \hbox (badness 1502) in paragraph at lines 802--802
[]\T1/phv/m/n/10.95 Poznan Uni-ver-sity of Tech-nol-ogy, Poz-nan, Poland, Fac-ulty of En-gi-neer-ing Ubon-
 []



[49

]

[50]

Package biblatex Warning: No driver for 'standard'.
(biblatex)                Using fallback driver on input line 800.



[51]

[52]
No file main.lof.
\tf@lof=\write9
\openout9 = `main.lof'.



[53

]
No file main.lot.
\tf@lot=\write10
\openout10 = `main.lot'.



[54

] (main.lol)
\tf@lol=\write11
\openout11 = `main.lol'.



[55

]

LaTeX Warning: Hyper reference `acro:OT' on page 56 undefined on input line 817.


LaTeX Warning: Hyper reference `acro:OT' on page 56 undefined on input line 817.


LaTeX Warning: Hyper reference `acro:PLC' on page 56 undefined on input line 818.


LaTeX Warning: Hyper reference `acro:PLC' on page 56 undefined on input line 818.


LaTeX Warning: Hyper reference `acro:ICS' on page 56 undefined on input line 819.


LaTeX Warning: Hyper reference `acro:ICS' on page 56 undefined on input line 819.


LaTeX Warning: Hyper reference `acro:ML' on page 56 undefined on input line 820.


LaTeX Warning: Hyper reference `acro:ML' on page 56 undefined on input line 820.


LaTeX Warning: Hyper reference `acro:SCADA' on page 56 undefined on input line 821.


LaTeX Warning: Hyper reference `acro:SCADA' on page 56 undefined on input line 821.


LaTeX Warning: Hyper reference `acro:WBM' on page 56 undefined on input line 822.


LaTeX Warning: Hyper reference `acro:WBM' on page 56 undefined on input line 822.


LaTeX Warning: Hyper reference `acro:HIL' on page 56 undefined on input line 823.


LaTeX Warning: Hyper reference `acro:HIL' on page 56 undefined on input line 823.


LaTeX Warning: Hyper reference `acro:CPU' on page 56 undefined on input line 824.


LaTeX Warning: Hyper reference `acro:CPU' on page 56 undefined on input line 824.


LaTeX Warning: Hyper reference `acro:IoT' on page 56 undefined on input line 825.


LaTeX Warning: Hyper reference `acro:IoT' on page 56 undefined on input line 825.


LaTeX Warning: Hyper reference `acro:NIST' on page 56 undefined on input line 826.


LaTeX Warning: Hyper reference `acro:NIST' on page 56 undefined on input line 826.


LaTeX Warning: Hyper reference `acro:IDS' on page 56 undefined on input line 827.


LaTeX Warning: Hyper reference `acro:IDS' on page 56 undefined on input line 827.


LaTeX Warning: Hyper reference `acro:IPS' on page 56 undefined on input line 828.


LaTeX Warning: Hyper reference `acro:IPS' on page 56 undefined on input line 828.


LaTeX Warning: Hyper reference `acro:SMOTE' on page 56 undefined on input line 829.


LaTeX Warning: Hyper reference `acro:SMOTE' on page 56 undefined on input line 829.


LaTeX Warning: Hyper reference `acro:MITRE' on page 56 undefined on input line 830.


LaTeX Warning: Hyper reference `acro:MITRE' on page 56 undefined on input line 830.



[56

]
chapter A.

Underfull \hbox (badness 10000) in paragraph at lines 841--842

 []


Underfull \hbox (badness 10000) in paragraph at lines 843--844

 []


Underfull \hbox (badness 10000) in paragraph at lines 845--846

 []


Underfull \hbox (badness 10000) in paragraph at lines 847--848

 []


Underfull \hbox (badness 10000) in paragraph at lines 870--871

 []


Underfull \hbox (badness 10000) in paragraph at lines 875--876

 []



[57

]
Underfull \hbox (badness 10000) in paragraph at lines 877--878

 []


Overfull \hbox (148.18372pt too wide) in paragraph at lines 881--881
[]    \T1/pcr/m/n/10.95 - http://ipkg.nslu2-linux.org/optware-ng/bootstrap/buildroot-armeabihf-bootstrap.sh | sh[] 
 []


Underfull \hbox (badness 10000) in paragraph at lines 890--891

 []

LaTeX Font Info:    Trying to load font information for TS1+pcr on input line 929.
(C:\Users\ejubb\AppData\Local\Programs\MiKTeX\tex/latex/psnfss\ts1pcr.fd
File: ts1pcr.fd 2001/06/04 font definitions for TS1/pcr.
)

[58]
Overfull \hbox (23.35387pt too wide) in paragraph at lines 941--941
[]    \T1/pcr/m/n/10.95 <h2>Goodbye! You have successfully disconnected from the server.</h2>[] 
 []


Underfull \hbox (badness 10000) in paragraph at lines 942--943

 []


Underfull \hbox (badness 10000) in paragraph at lines 946--947

 []


Underfull \hbox (badness 10000) in paragraph at lines 956--957

 []


Underfull \hbox (badness 1038) in paragraph at lines 961--962
\T1/phv/m/n/10.95 Below is the con-fig-u-ra-tion file used for per-for-mance mea-sure-ment data log-ging (`perf-
 []



[59]
Overfull \hbox (14.14474pt too wide) in paragraph at lines 1001--1001
[]  \T1/pcr/m/n/8 <General name="DB_name" samplingInterval ="100ms" publishInterval="200ms" bufferCapacity="500"/>[] 
 []


Overfull \hbox (38.14476pt too wide) in paragraph at lines 1001--1001
[]  \T1/pcr/m/n/8 <Datasink type="db" dst="/opt/plcnext/projects/Services/DataLogger/perf_add_logg.db" rollover="false"[] 
 []


Overfull \hbox (14.14474pt too wide) in paragraph at lines 1001--1001
[]    \T1/pcr/m/n/8 <Variable name = "Arp.Plc.Eclr/code.ESM_DATA1.ESM_INFOS[1].TASK_INFOS[1].LAST_EXEC_DURATION"/>[] 
 []


Overfull \hbox (28.54475pt too wide) in paragraph at lines 1001--1001
[]    \T1/pcr/m/n/8 <Variable name = "Arp.Plc.Eclr/code.ESM_DATA1.ESM_INFOS[1].TASK_INFOS[1].LAST_ACTIVATION_DELAY"/>[] 
 []


Overfull \hbox (14.14474pt too wide) in paragraph at lines 1058--1058
[]  \T1/pcr/m/n/8 <General name="Sec_log" samplingInterval ="100ms" publishInterval="200ms" bufferCapacity="500"/>[] 
 []


Overfull \hbox (258.9449pt too wide) in paragraph at lines 1058--1058
[]  \T1/pcr/m/n/8 <Datasink type="db" dst="/opt/plcnext/projects/Services/DataLogger/sec_loggs.db" rollover="false" maxFileSize="10000000" storeChangesOnly="false"/>[] 
 []



[60]
Overfull \hbox (14.14474pt too wide) in paragraph at lines 1058--1058
[]    \T1/pcr/m/n/8 <Variable name = "Arp.Plc.Eclr/code.ESM_DATA1.ESM_INFOS[1].TASK_INFOS[1].LAST_EXEC_DURATION"/>[] 
 []


Overfull \hbox (28.54475pt too wide) in paragraph at lines 1058--1058
[]    \T1/pcr/m/n/8 <Variable name = "Arp.Plc.Eclr/code.ESM_DATA1.ESM_INFOS[1].TASK_INFOS[1].LAST_ACTIVATION_DELAY"/>[] 
 []



[61]
Overfull \hbox (89.05379pt too wide) in paragraph at lines 1147--1147
[]    \T1/pcr/m/n/10.95 echo "Memory - Total: ${total_mem}MB, Used: ${used_mem}MB, Free: ${free_mem}MB"[] 
 []


Overfull \hbox (568.66321pt too wide) in paragraph at lines 1147--1147
[]    \T1/pcr/m/n/10.95 echo "CPU Load - 1 min: $(echo $load_avg | awk \TS1/pcr/m/n/10.95 '\T1/pcr/m/n/10.95 {print $1}\TS1/pcr/m/n/10.95 '\T1/pcr/m/n/10.95 ), 5 min: $(echo $load_avg | awk \TS1/pcr/m/n/10.95 '\T1/pcr/m/n/10.95 {print $2}\TS1/pcr/m/n/10.95 '\T1/pcr/m/n/10.95 ), 15 min: $(echo $load_avg | awk \TS1/pcr/m/n/10.95 '\T1/pcr/m/n/10.95 {print $3}\TS1/pcr/m/n/10.95 '\T1/pcr/m/n/10.95 )"[] 
 []


Overfull \hbox (266.44357pt too wide) in paragraph at lines 1147--1147
[]    \T1/pcr/m/n/10.95 echo "Disk Space - Total: $total_disk, Used: $used_disk, Available: $available_disk, Usage: $percent_used"[] 
 []


Overfull \hbox (43.06384pt too wide) in paragraph at lines 1147--1147
[]    \T1/pcr/m/n/10.95 echo "Network - IP Address: $ip_address, TX: ${tx_mb}MB, RX: ${rx_mb}MB"[] 
 []


Overfull \hbox (220.45363pt too wide) in paragraph at lines 1147--1147
[]    \T1/pcr/m/n/10.95 open_ports=$(netstat -tuln | awk \TS1/pcr/m/n/10.95 '\T1/pcr/m/n/10.95 /LISTEN/ {print $4}\TS1/pcr/m/n/10.95 ' \T1/pcr/m/n/10.95 | awk -F \TS1/pcr/m/n/10.95 '\T1/pcr/m/n/10.95 :\TS1/pcr/m/n/10.95 ' '\T1/pcr/m/n/10.95 {print $NF}\TS1/pcr/m/n/10.95 ' \T1/pcr/m/n/10.95 | paste -sd ", ")[] 
 []



[62]
Overfull \hbox (69.34381pt too wide) in paragraph at lines 1147--1147
[]    \T1/pcr/m/n/10.95 echo "$timestamp $user@$hostname Memory Stats: $memory_stats" >> "$log_file"[] 
 []


Overfull \hbox (29.92386pt too wide) in paragraph at lines 1147--1147
[]    \T1/pcr/m/n/10.95 echo "$timestamp $user@$hostname CPU Usage: $cpu_usage" >> "$log_file"[] 
 []


Overfull \hbox (43.06384pt too wide) in paragraph at lines 1147--1147
[]    \T1/pcr/m/n/10.95 echo "$timestamp $user@$hostname Disk Usage: $disk_usage" >> "$log_file"[] 
 []


Overfull \hbox (82.4838pt too wide) in paragraph at lines 1147--1147
[]    \T1/pcr/m/n/10.95 echo "$timestamp $user@$hostname Network Usage: $network_usage" >> "$log_file"[] 
 []


Overfull \hbox (102.19377pt too wide) in paragraph at lines 1147--1147
[]            \T1/pcr/m/n/10.95 echo "$timestamp $user@$hostname Active Connection: $conn" >> "$log_file"[] 
 []


Overfull \hbox (273.01357pt too wide) in paragraph at lines 1176--1176
[]\T1/pcr/m/n/10.95 DIRECTORIES_TO_MONITOR=("/opt/etc" "/etc/plcnext" "/opt/plcnext/master/php_app" "/opt/plcnext/config/Services")[] 
 []



[63]
Overfull \hbox (246.7336pt too wide) in paragraph at lines 1176--1176
[]    \T1/pcr/m/n/10.95 find "$DIRECTORY_TO_MONITOR" -name \TS1/pcr/m/n/10.95 '\T1/pcr/m/n/10.95 *.sh\TS1/pcr/m/n/10.95 ' \T1/pcr/m/n/10.95 -o -name \TS1/pcr/m/n/10.95 '\T1/pcr/m/n/10.95 *.py\TS1/pcr/m/n/10.95 ' \T1/pcr/m/n/10.95 -amin -1 -o -mmin -1 | while read -r file; do[] 
 []


Overfull \hbox (608.08316pt too wide) in paragraph at lines 1176--1176
[]        \T1/pcr/m/n/10.95 logger -p local1.notice "[$DATE] Script $ACTION: $file | Owner: $FILE_OWNER | Group: $FILE_GROUP | Size: $FILE_SIZE bytes | Last Modified: $LAST_MODIFIED"[] 
 []


Overfull \hbox (141.61372pt too wide) in paragraph at lines 1189--1189
[]\T1/pcr/m/n/10.95 ps -eo pid,comm,args | grep -E \TS1/pcr/m/n/10.95 '\T1/pcr/m/n/10.95 \.sh|\.py\TS1/pcr/m/n/10.95 ' \T1/pcr/m/n/10.95 | grep -v grep | while read -r pid comm args; do[] 
 []


Overfull \hbox (213.88364pt too wide) in paragraph at lines 1189--1189
[]    \T1/pcr/m/n/10.95 logger -p local1.notice "[$DATE] Script executed: PID=$pid, Command=$comm, User=$USER, Args=$args"[] 
 []



[64]
Overfull \hbox (181.03368pt too wide) in paragraph at lines 1230--1230
[]            \T1/pcr/m/n/10.95 elif [ -f "$PREVIOUS_STATE_FILE" ] && [ "$CURRENT_STATE" != "$PREVIOUS_STATE" ]; then[] 
 []


Overfull \hbox (463.54333pt too wide) in paragraph at lines 1230--1230
[]            \T1/pcr/m/n/10.95 logger -p local1.notice "[$DATE] $ACTION detected in $FILE by user $USER. File size: $FILE_SIZE. Last modified: $LAST_MODIFIED."[] 
 []



[65]
Overfull \hbox (319.00351pt too wide) in paragraph at lines 1263--1263
[]                \T1/pcr/m/n/10.95 logger -p local1.notice "[$DATE] File $FILE was accessed by user $USER (PID: $PID, Command: $COMMAND)"[] 
 []



[66]
Overfull \hbox (29.92386pt too wide) in paragraph at lines 1297--1297
[]        \T1/pcr/m/n/10.95 # Check if the firewall is active (policy drop in input or output)[] 
 []


Overfull \hbox (102.19377pt too wide) in paragraph at lines 1297--1297
[]        \T1/pcr/m/n/10.95 FIREWALL_STATUS=$($NFT_COMMAND list ruleset | grep -q \TS1/pcr/m/n/10.95 '\T1/pcr/m/n/10.95 policy drop\TS1/pcr/m/n/10.95 '\T1/pcr/m/n/10.95 ; echo $?)[] 
 []


Overfull \hbox (187.60367pt too wide) in paragraph at lines 1297--1297
[]        \T1/pcr/m/n/10.95 logger -p local1.notice "[$DATE] Firewall settings have changed. Firewall status: $STATUS"[] 
 []


Overfull \hbox (3.64389pt too wide) in paragraph at lines 1312--1312
[]\T1/pcr/m/n/10.95 netstat -antp | grep -E "($SUSPICIOUS_PORTS)" | while read -r line; do[] 
 []


Overfull \hbox (89.05379pt too wide) in paragraph at lines 1312--1312
[]    \T1/pcr/m/n/10.95 logger -p local1.notice "[$DATE] Suspicious network connection detected: $line"[] 
 []


c:/Users/ejubb/Desktop/Git/Master/Master Thesis/main.tex:1367: Package minted Error: Cannot highlight code (minted executable is unavailable or disabled); attempting to typeset without highlighting.

See the minted package documentation for explanation.
Type  H <return>  for immediate help.
 ...                                              
                                                  
l.1367 \end{minted}
                   
(That was another \errmessage.)


c:/Users/ejubb/Desktop/Git/Master/Master Thesis/main.tex:1432: Package minted Error: Cannot highlight code (minted executable is unavailable or disabled); attempting to typeset without highlighting.

See the minted package documentation for explanation.
Type  H <return>  for immediate help.
 ...                                              
                                                  
l.1432 \end{minted}
                   
(That was another \errmessage.)


LaTeX Warning: Float too large for page by 58.09834pt on input line 1434.


pdfTeX warning (ext4): destination with the same identifier (name{appendix.A}) has been already used, duplicate ignored
<to be read again> 
                   \relax 
l.1440 \chapter{Appendix B}
                           
chapter A.


[67]

[68]

[69]

c:/Users/ejubb/Desktop/Git/Master/Master Thesis/main.tex:1466: Package minted Error: Cannot highlight code (minted executable is unavailable or disabled); attempting to typeset without highlighting.

See the minted package documentation for explanation.
Type  H <return>  for immediate help.
 ...                                              
                                                  
l.1466 \end{minted}
                   
(That was another \errmessage.)


c:/Users/ejubb/Desktop/Git/Master/Master Thesis/main.tex:1504: Package minted Error: Cannot highlight code (minted executable is unavailable or disabled); attempting to typeset without highlighting.

See the minted package documentation for explanation.
Type  H <return>  for immediate help.
 ...                                              
                                                  
l.1504 \end{minted}
                   
(That was another \errmessage.)


c:/Users/ejubb/Desktop/Git/Master/Master Thesis/main.tex:1548: Package minted Error: Cannot highlight code (minted executable is unavailable or disabled); attempting to typeset without highlighting.

See the minted package documentation for explanation.
Type  H <return>  for immediate help.
 ...                                              
                                                  
l.1548 \end{minted}
                   
(That was another \errmessage.)


c:/Users/ejubb/Desktop/Git/Master/Master Thesis/main.tex:1571: Package minted Error: Cannot highlight code (minted executable is unavailable or disabled); attempting to typeset without highlighting.

See the minted package documentation for explanation.
Type  H <return>  for immediate help.
 ...                                              
                                                  
l.1571 \end{minted}
                   
(That was another \errmessage.)



[70]

[71]

[72]

c:/Users/ejubb/Desktop/Git/Master/Master Thesis/main.tex:1625: Package minted Error: Cannot highlight code (minted executable is unavailable or disabled); attempting to typeset without highlighting.

See the minted package documentation for explanation.
Type  H <return>  for immediate help.
 ...                                              
                                                  
l.1625 \end{minted}
                   
(That was another \errmessage.)


c:/Users/ejubb/Desktop/Git/Master/Master Thesis/main.tex:1651: Package minted Error: Cannot highlight code (minted executable is unavailable or disabled); attempting to typeset without highlighting.

See the minted package documentation for explanation.
Type  H <return>  for immediate help.
 ...                                              
                                                  
l.1651 \end{minted}
                   
(That was another \errmessage.)


c:/Users/ejubb/Desktop/Git/Master/Master Thesis/main.tex:1674: Package minted Error: Cannot highlight code (minted executable is unavailable or disabled); attempting to typeset without highlighting.

See the minted package documentation for explanation.
Type  H <return>  for immediate help.
 ...                                              
                                                  
l.1674 \end{minted}
                   
(That was another \errmessage.)


c:/Users/ejubb/Desktop/Git/Master/Master Thesis/main.tex:1693: Package minted Error: Cannot highlight code (minted executable is unavailable or disabled); attempting to typeset without highlighting.

See the minted package documentation for explanation.
Type  H <return>  for immediate help.
 ...                                              
                                                  
l.1693 \end{minted}
                   
(That was another \errmessage.)


c:/Users/ejubb/Desktop/Git/Master/Master Thesis/main.tex:1748: Package minted Error: Cannot highlight code (minted executable is unavailable or disabled); attempting to typeset without highlighting.

See the minted package documentation for explanation.
Type  H <return>  for immediate help.
 ...                                              
                                                  
l.1748 \end{minted}
                   
(That was another \errmessage.)


c:/Users/ejubb/Desktop/Git/Master/Master Thesis/main.tex:1775: Package minted Error: Cannot highlight code (minted executable is unavailable or disabled); attempting to typeset without highlighting.

See the minted package documentation for explanation.
Type  H <return>  for immediate help.
 ...                                              
                                                  
l.1775 \end{minted}
                   
(That was another \errmessage.)


c:/Users/ejubb/Desktop/Git/Master/Master Thesis/main.tex:1798: Package minted Error: Cannot highlight code (minted executable is unavailable or disabled); attempting to typeset without highlighting.

See the minted package documentation for explanation.
Type  H <return>  for immediate help.
 ...                                              
                                                  
l.1798 \end{minted}
                   
(That was another \errmessage.)



[73]

[74]

[75]

[76]

c:/Users/ejubb/Desktop/Git/Master/Master Thesis/main.tex:1817: Package minted Error: Cannot highlight code (minted executable is unavailable or disabled); attempting to typeset without highlighting.

See the minted package documentation for explanation.
Type  H <return>  for immediate help.
 ...                                              
                                                  
l.1817 \end{minted}
                   
(That was another \errmessage.)



[77]
Underfull \hbox (badness 10000) in paragraph at lines 1832--1833
\T1/phv/m/n/10.95 Add the fol-low-ing lines to the sys-log con-fig-u-ra-tion file lo-cated at
 []



[78]

[79] (main.aux)
 ***********
LaTeX2e <2024-06-01> patch level 2
L3 programming layer <2020/03/25>
 ***********


LaTeX Warning: There were undefined references.


LaTeX Warning: Label(s) may have changed. Rerun to get cross-references right.


Package biblatex Warning: Please (re)run Biber on the file:
(biblatex)                main
(biblatex)                and rerun LaTeX afterwards.

Package logreq Info: Writing requests to 'main.run.xml'.
\openout1 = `main.run.xml'.

 ) 
Here is how much of TeX's memory you used:
 43324 strings out of 473897
 910513 string characters out of 5726461
 1980132 words of memory out of 5000000
 65279 multiletter control sequences out of 15000+600000
 603762 words of font info for 91 fonts, out of 8000000 for 9000
 1141 hyphenation exceptions out of 8191
 122i,20n,121p,11031b,2017s stack positions out of 10000i,1000n,20000p,200000b,200000s
<C:/Users/ejubb/AppData/Local/Programs/MiKTeX/fonts/type1/urw/courier/ucrr8a.pfb><C:/Users/ejubb/AppData/Local/Programs/MiKTeX/fonts/type1/urw/helvetic/uhvb8a.pfb><C:/Users/ejubb/AppData/Local/Programs/MiKTeX/fonts/type1/urw/helvetic/uhvr8a.pfb><C:/Users/ejubb/AppData/Local/Programs/MiKTeX/fonts/type1/urw/helvetic/uhvro8a.pfb><C:/Users/ejubb/AppData/Local/Programs/MiKTeX/fonts/type1/urw/palatino/uplr8a.pfb>
Output written on main.pdf (85 pages, 348258 bytes).
PDF statistics:
 975 PDF objects out of 1000 (max. 8388607)
 263 named destinations out of 1000 (max. 500000)
 493 words of extra memory for PDF output out of 10000 (max. 10000000)

